place_id,name,description,is_spending_on_ads,reviews,website,owner_name,owner_profile_link,featured_image,main_category,categories,rating,workday_timing,closed_on,phone,address,review_keywords,link
ChIJVVVVVYUF9YgRDaW32-4fOSk,Pure Dental Health,,False,1507,https://puredentalhealth.com/,Pure Dental Health (Owner),https://www.google.com/maps/contrib/114655997452900965107,https://lh5.googleusercontent.com/p/AF1QipMTmrzCPHIuOLnO7QXg1UTMz01Ju6x4i_mVompQ=w408-h300-k-no,Dentist,"Dentist, Cosmetic dentist, Dental implants periodontist, Emergency dental service, Orthodontist",4.5,7 AM-3 PM,"Saturday, Sunday",(404) 842-7200,"Pure Dental Health, 2285 Peachtree Rd #203, Atlanta, GA 30309","job, personality, sedation, relaxing, educate, insurance company, call center, fan, network, gel",https://www.google.com/maps/place/Pure+Dental+Health/data=!4m7!3m6!1s0x88f5058555555555:0x29391feedbb7a50d!8m2!3d33.8163657!4d-84.3898689!16s%2Fg%2F1txy359j!19sChIJVVVVVYUF9YgRDaW32-4fOSk?authuser=0&hl=en&rclk=1
ChIJ6SsDCzIc9YgR6y_35BKjtcs,Great Expressions Dental Centers - Cascade,,False,1422,https://www.greatexpressions.com/dental-offices/endodontist-in-atlanta-georgia-cascade-rd/,Great Expressions Dental Centers - Cascade (Owner),https://www.google.com/maps/contrib/115276180634623300420,https://lh5.googleusercontent.com/p/AF1QipNk8VWF2sDjjMzv0t4McaVhxNdixjIawqPpbVnv=w447-h240-k-no,Dentist,"Dentist, Endodontist, Oral surgeon, Orthodontist, Periodontist",4.4,8 AM-5 PM,"Saturday, Sunday",(678) 836-2118,"Great Expressions Dental Centers - Cascade, 3752 Cascade Rd #190, Atlanta, GA 30331","pay, phone, root canal, x-ray, front desk, personality, lady, bill, system, check in",https://www.google.com/maps/place/Great+Expressions+Dental+Centers+-+Cascade/data=!4m7!3m6!1s0x88f51c320b032be9:0xcbb5a312e4f72feb!8m2!3d33.7231988!4d-84.5114863!16s%2Fg%2F1td7v0fj!19sChIJ6SsDCzIc9YgR6y_35BKjtcs?authuser=0&hl=en&rclk=1
ChIJSVfXZEQE9YgR7da_O_Hyo-A,Feather Touch Dental Care,,False,1179,https://www.atlantadentistmidtown.com/,Feather Touch Dental Care (Owner),https://www.google.com/maps/contrib/101516644182486905056,https://lh5.googleusercontent.com/p/AF1QipOKDrcSc_WCvAUQ8gRT8tf7aXjeaDlY6o1QPwyU=w408-h306-k-no,Dentist,"Dentist, Cosmetic dentist, Dental implants periodontist, Emergency dental service, Pediatric dentist",4.9,7:30 AM-4:30 PM,"Friday, Saturday, Sunday",(404) 892-2097,"Feather Touch Dental Care, 1175 Peachtree St NE bldg 100 suite 1204, Atlanta, GA 30361","front desk, job, flowers, parking, chair, door, education, work, state of the art, margarita",https://www.google.com/maps/place/Feather+Touch+Dental+Care/data=!4m7!3m6!1s0x88f5044464d75749:0xe0a3f2f13bbfd6ed!8m2!3d33.7869491!4d-84.3827431!16s%2Fg%2F1tctyd33!19sChIJSVfXZEQE9YgR7da_O_Hyo-A?authuser=0&hl=en&rclk=1
ChIJvVasEVkR9YgRKGSYp9Xgwjs,Marietta Dental Professionals,,False,1097,https://mariettadentalpros.com/,Marietta Dental Professionals (Owner),https://www.google.com/maps/contrib/106837489259651776613,https://lh5.googleusercontent.com/p/AF1QipNAvsN6-IWgCROUDRS3Jp6ysnPBvoPlgadNw_ix=w408-h273-k-no,Dentist,"Dentist, Cosmetic dentist, Dental implants provider, Emergency dental service, Pediatric dentist",4.9,8 AM-5 PM,"Thursday, Saturday, Sunday",(770) 514-5055,"Marietta Dental Professionals, 2551 Roswell Rd Building 100, Marietta, GA 30062","cleaning, questions, job, netflix, ceiling, pleasure, TV, masks, safety, preventative",https://www.google.com/maps/place/Marietta+Dental+Professionals/data=!4m7!3m6!1s0x88f5115911ac56bd:0x3bc2e0d5a7986428!8m2!3d33.9750784!4d-84.4782583!16s%2Fg%2F1pv02spnq!19sChIJvVasEVkR9YgRKGSYp9Xgwjs?authuser=0&hl=en&rclk=1
ChIJB5OCKPDd84gRKrinNEpXiog,Lake Joy Dental Care,,False,1056,http://lakejoydentalcare.com/,Lake Joy Dental Care (Owner),https://www.google.com/maps/contrib/101745089076330177314,https://lh5.googleusercontent.com/p/AF1QipNlF5l3CyfgXdbyZ9bsiGCeqAt2T1dvtK36r650=w426-h240-k-no,Dentist,Dentist,4.8,8 AM-5 PM,"Monday, Saturday, Sunday",(478) 313-3535,"Lake Joy Dental Care, 674 Lake Joy Rd, Kathleen, GA 31047","insurance, x-rays, front desk, understanding, exam, root canal, technician, bill, out of pocket, baby",https://www.google.com/maps/place/Lake+Joy+Dental+Care/data=!4m7!3m6!1s0x88f3ddf028829307:0x888a574a34a7b82a!8m2!3d32.5489736!4d-83.6901414!16s%2Fg%2F11gdrwkg7b!19sChIJB5OCKPDd84gRKrinNEpXiog?authuser=0&hl=en&rclk=1
ChIJkdqpLW8a9YgRhoC2wxBltpM,Reich Dental Center,,False,988,https://reichdentalcenter.com/,Reich Dental Center (Owner),https://www.google.com/maps/contrib/108650852125683317113,https://lh5.googleusercontent.com/p/AF1QipNR28FBDj4FA8vCRBKFXWCY9X0x87OVlRfWGZF7=w408-h346-k-no,Dentist,"Dentist, Cosmetic dentist, Dental clinic, Dental hygienist, Dental implants provider, Emergency dental service, Teeth whitening service",4.9,6:30 AM-3:30 PM,"Saturday, Sunday",(770) 435-5450,"Reich Dental Center, 4849 S Cobb Dr SE, Smyrna, GA 30080","insurance, front desk, job, crown, teeth cleaned, massage chairs, state of the art, hate, work, tv",https://www.google.com/maps/place/Reich+Dental+Center/data=!4m7!3m6!1s0x88f51a6f2da9da91:0x93b66510c3b68086!8m2!3d33.835616!4d-84.4930308!16s%2Fg%2F1tdym16t!19sChIJkdqpLW8a9YgRhoC2wxBltpM?authuser=0&hl=en&rclk=1
ChIJy6CSx_vm84gRJrjXqA-MgTo,Byron Family Dental Care,,False,951,http://byronfamilydentalcare.com/,Byron Family Dental Care (Owner),https://www.google.com/maps/contrib/110950527205399753368,https://lh5.googleusercontent.com/p/AF1QipMk_4kwE49Fag8k0Lmoq9IeO5_PVkXCnIQuajJh=w426-h240-k-no,Dentist,Dentist,4.7,8 AM-5 PM,"Friday, Saturday, Sunday",(478) 333-3570,"Byron Family Dental Care, 6005 Watson Blvd Suite 200, Byron, GA 31008","cleaning, insurance, environment, front desk, call, pay, technician, hate, exam, severe pain",https://www.google.com/maps/place/Byron+Family+Dental+Care/data=!4m7!3m6!1s0x88f3e6fbc792a0cb:0x3a818c0fa8d7b826!8m2!3d32.6138444!4d-83.7130979!16s%2Fg%2F11cmt5trlm!19sChIJy6CSx_vm84gRJrjXqA-MgTo?authuser=0&hl=en&rclk=1
ChIJ9y97ml0E9YgR1fNd2kkbqeU,Great Expressions Dental Centers - Midtown,,False,906,https://www.greatexpressions.com/dental-offices/dentist-in-atlanta-georgia-tenth-street/,Great Expressions Dental Centers - Midtown (Owner),https://www.google.com/maps/contrib/111446428694185005823,https://lh5.googleusercontent.com/p/AF1QipOQfJos0Oif5ahX6SnzcGKBzhDEiNN2XRIuGkSC=w447-h240-k-no,Dentist,"Dentist, Oral surgeon, Periodontist",4.2,8 AM-5 PM,"Saturday, Sunday",(404) 892-2337,"Great Expressions Dental Centers - Midtown, 10 10th St NW Suite 100, Atlanta, GA 30309","x-rays, job, front desk, bill, work, oral surgeon, periodontal, temporary crown, fluoride, tutor",https://www.google.com/maps/place/Great+Expressions+Dental+Centers+-+Midtown/data=!4m7!3m6!1s0x88f5045d9a7b2ff7:0xe5a91b49da5df3d5!8m2!3d33.7819356!4d-84.3872222!16s%2Fg%2F1tf0rg5v!19sChIJ9y97ml0E9YgR1fNd2kkbqeU?authuser=0&hl=en&rclk=1
ChIJPwtQMu6T9YgRj6bQCeD4i6Q,North Atlanta Center for Cosmetic & Implant Dentistry,,False,854,https://buforddentist.com/,North Atlanta Center for Cosmetic & Implant Dentistry (Owner),https://www.google.com/maps/contrib/107334777254748130817,https://lh5.googleusercontent.com/p/AF1QipOyENrn5AI1smeCpORIB1JM6G9N9uBiCRdvCJ_o=w425-h240-k-no,Dentist,"Dentist, Cosmetic dentist, Dental clinic, Dental implants provider, Denture care center, Emergency dental service, Oral surgeon, Pediatric dentist, Teeth whitening service",4.9,8 AM-5 PM,"Friday, Saturday, Sunday",(770) 932-1115,"North Atlanta Center for Cosmetic & Implant Dentistry, 1900 Morningside Dr Suite 201, Buford, GA 30518","comfortable, job, pleasure, heart, holiday, shows, blankets, perfectionist, state of the art, hugs",https://www.google.com/maps/place/North+Atlanta+Center+for+Cosmetic+%26+Implant+Dentistry/data=!4m7!3m6!1s0x88f593ee32500b3f:0xa48bf8e009d0a68f!8m2!3d34.10813!4d-84.0029318!16s%2Fg%2F1tlbp_c4!19sChIJPwtQMu6T9YgRj6bQCeD4i6Q?authuser=0&hl=en&rclk=1
ChIJSWSly0Jq9YgRW1ELcYTSL8U,Dental Care Acworth,,False,850,https://dentistinacworth.com/,Dental Care Acworth (Owner),https://www.google.com/maps/contrib/112937484725277440043,https://lh5.googleusercontent.com/p/AF1QipOiR53arhUelenPM-wZLithU6Bue71Hh5XwYmRV=w408-h240-k-no-pi-0-ya170.03653-ro-0-fo100,Dentist,"Dentist, Cosmetic dentist, Emergency dental service, Orthodontist, Pediatric dentist",5,8 AM-5 PM,"Saturday, Sunday",(678) 888-1554,"Dental Care Acworth, 5552 Robin Rd suite a, Acworth, GA 30102","cleaning, feel, anxiety, job, tv, ceiling, atmosphere, felt, mind, laughing",https://www.google.com/maps/place/Dental+Care+Acworth/data=!4m7!3m6!1s0x88f56a42cba56449:0xc52fd284710b515b!8m2!3d34.0898261!4d-84.5836175!16s%2Fg%2F1tcy9rcj!19sChIJSWSly0Jq9YgRW1ELcYTSL8U?authuser=0&hl=en&rclk=1
ChIJP4pYoY4E9YgRUYSLvhQcmho,Tech Dentistry,,False,802,https://techdentistry.com/%3Fy_source%3D1_MTE1OTM1OTUtNzE1LWxvY2F0aW9uLndlYnNpdGU%253D,Tech Dentistry (Owner),https://www.google.com/maps/contrib/105504278552570242900,https://lh5.googleusercontent.com/p/AF1QipPN9z-MDCX4DyrIgfHPPqp1lOADfl2RtY_p_sq7=w408-h725-k-no,Dental clinic,Dental clinic,4.6,8 AM-4:30 PM,"Friday, Saturday, Sunday",(404) 733-2022,"Tech Dentistry, 740 Ferst Dr NW Suite 207, Atlanta, GA 30332","student, hygienist, campus, insurance, work, convenient, nurse, floss, faculty, flat screen",https://www.google.com/maps/place/Tech+Dentistry/data=!4m7!3m6!1s0x88f5048ea1588a3f:0x1a9a1c14be8b8451!8m2!3d33.774833!4d-84.4031221!16s%2Fg%2F11h0hgqrk!19sChIJP4pYoY4E9YgRUYSLvhQcmho?authuser=0&hl=en&rclk=1
ChIJM1aLg74d9YgRvOhfbFn-6i0,Affordable Dentures & Implants,,False,738,https://www.affordabledentures.com/locations/ga/west-atlanta%3Fy_source%3D1_MTkyNDc5MzAtNzE1LWxvY2F0aW9uLndlYnNpdGU%253D,Affordable Dentures & Implants (Owner),https://www.google.com/maps/contrib/103092131938930256379,https://streetviewpixels-pa.googleapis.com/v1/thumbnail?panoid=4bAM3C7B7jEH3zjBXQP8Mg&cb_client=search.gws-prod.gps&w=408&h=240&yaw=321.06256&pitch=0&thumbfov=100,Dentist,"Dentist, Dental implants provider, Denture care center",4.1,8 AM-5 PM,"Saturday, Sunday",(404) 448-2025,"Affordable Dentures & Implants, 3695 Cascade Rd Suite 550, Atlanta, GA 30331","office, pay, attitude, extractions, work, lady, room, lying, reading, nurse",https://www.google.com/maps/place/Affordable+Dentures+%26+Implants/data=!4m7!3m6!1s0x88f51dbe838b5633:0x2deafe596c5fe8bc!8m2!3d33.7254511!4d-84.5096739!16s%2Fg%2F11g8p23yvq!19sChIJM1aLg74d9YgRvOhfbFn-6i0?authuser=0&hl=en&rclk=1
ChIJn7Gnwx1Z9IgRlijif3B6h-c,Westridge Dental Care,,False,724,http://westridgedentalcare.com/,Westridge Dental Care (Owner),https://www.google.com/maps/contrib/112467758919383663207,https://lh5.googleusercontent.com/p/AF1QipNWIIn_p79ip-CNzLm8daHFj3vNdAPI3gllsXZ3=w408-h250-k-no,Dentist,Dentist,4.7,8 AM-5 PM,"Friday, Saturday, Sunday",(678) 619-1875,"Westridge Dental Care, 2140 GA-20, McDonough, GA 30253","cleaning, feel, insurance, front desk, informative, job, environment, xrays, educated, message",https://www.google.com/maps/place/Westridge+Dental+Care/data=!4m7!3m6!1s0x88f4591dc3a7b19f:0xe7877a707fe22896!8m2!3d33.412844!4d-84.201107!16s%2Fg%2F11gv_k_f95!19sChIJn7Gnwx1Z9IgRlijif3B6h-c?authuser=0&hl=en&rclk=1
ChIJ3SRuGt3f84gRGZv2rSNOkTY,Dental Care of Bonaire,,False,699,http://dentalcareofbonaire.com/,Dental Care of Bonaire (Owner),https://www.google.com/maps/contrib/114351295656129811257,https://lh5.googleusercontent.com/p/AF1QipONJYh1MZTEHx1n-3oFWofO8yRqHExeONWxrj0D=w426-h240-k-no,Dentist,Dentist,4.7,8 AM-5 PM,"Saturday, Sunday",(478) 273-2562,"Dental Care of Bonaire, 516 GA-247, Bonaire, GA 31005","cleaning, feel, questions, desk, insurance, plan, call, text, crown, mind",https://www.google.com/maps/place/Dental+Care+of+Bonaire/data=!4m7!3m6!1s0x88f3dfdd1a6e24dd:0x36914e23adf69b19!8m2!3d32.54593!4d-83.5965!16s%2Fg%2F11h4ff1n8f!19sChIJ3SRuGt3f84gRGZv2rSNOkTY?authuser=0&hl=en&rclk=1
ChIJ9UMNiG8E9YgRogg0RDdgTXY,Atlanta Dental Center,,False,676,http://atlantadentalcenter.com/,Atlanta Dental Center (Owner),https://www.google.com/maps/contrib/111715233119011653632,https://lh5.googleusercontent.com/p/AF1QipNGGJ9CY5AU2HvLuWfNI_uJc6lDgpjj5NE1buZj=w417-h240-k-no,Dentist,"Dentist, Cosmetic dentist, Dental implants periodontist, Denture care center, Emergency dental service",4.7,9:30 AM-5 PM,"Thursday, Friday, Saturday, Sunday",(404) 872-7755,"Atlanta Dental Center, 620 Peachtree St NE suite 204, Atlanta, GA 30308","cleaning, xrays, job, hands, confident, state of the art, education, morning, opinion, traffic",https://www.google.com/maps/place/Atlanta+Dental+Center/data=!4m7!3m6!1s0x88f5046f880d43f5:0x764d6037443408a2!8m2!3d33.7715416!4d-84.3851508!16s%2Fg%2F1tgnmxvx!19sChIJ9UMNiG8E9YgRogg0RDdgTXY?authuser=0&hl=en&rclk=1
ChIJ81vJuVO79YgRcI1Cdja9yGw,Gwinnett Family Dental Care,,False,631,https://www.gwinnettfamilydentalcare.com/,Gwinnett Family Dental Care (Owner),https://www.google.com/maps/contrib/115107470901796094165,https://lh5.googleusercontent.com/p/AF1QipOkorPRhQQncD7WQoXiMYNOS71YleP5vXUrx4UO=w408-h283-k-no,Dentist,"Dentist, Cosmetic dentist, Dental implants periodontist, Emergency dental service, Pediatric dentist, Teeth whitening service",4.6,9 AM-5 PM,Sunday,(770) 921-1115,"Gwinnett Family Dental Care, 3455 Lawrenceville Hwy, Lawrenceville, GA 30044","cleaning, job, insurance, questions, comfortable, x-rays, front desk, ebony, mirna, charge",https://www.google.com/maps/place/Gwinnett+Family+Dental+Care/data=!4m7!3m6!1s0x88f5bb53b9c95bf3:0x6cc8bd3676428d70!8m2!3d33.915336!4d-84.0976267!16s%2Fg%2F1vmr26pp!19sChIJ81vJuVO79YgRcI1Cdja9yGw?authuser=0&hl=en&rclk=1
ChIJs45p8VWf9YgRmMAdrkVC3D4,DentFirst Dental Care,,False,588,http://www.dentfirst.com/locations/johns-creek/,DentFirst Dental Care (Owner),https://www.google.com/maps/contrib/113678661217045625221,https://lh5.googleusercontent.com/p/AF1QipMlmPr9jUtq4BdEWU6yq5kvD5FEaS8pFs0AgpuA=w408-h272-k-no,Dentist,"Dentist, Cosmetic dentist, Dental clinic, Dental hygienist, Dental implants periodontist, Emergency dental service, Oral surgeon, Orthodontist, Periodontist, Teeth whitening service",4.8,8 AM-8 PM,Sunday,(770) 476-5039,"DentFirst Dental Care, 9775 Medlock Bridge Rd, Johns Creek, GA 30097","cleaning, job, smile, front desk, insurance, office manager, marcella, compassionate, work, efficient",https://www.google.com/maps/place/DentFirst+Dental+Care/data=!4m7!3m6!1s0x88f59f55f1698eb3:0x3edc4245ae1dc098!8m2!3d34.0158042!4d-84.189881!16s%2Fg%2F1td_cjm1!19sChIJs45p8VWf9YgRmMAdrkVC3D4?authuser=0&hl=en&rclk=1
ChIJl-k82qTNjIgRlsiWarR_NWo,North Columbus Dental Care,,False,581,http://northcolumbusdentalcare.com/,North Columbus Dental Care (Owner),https://www.google.com/maps/contrib/109754258184580916739,https://lh5.googleusercontent.com/p/AF1QipM9hEoRuKRksJyF__3BeRO6h2She--Z3JHvzmIK=w426-h240-k-no,Dentist,Dentist,4.9,7 AM-7 PM,"Thursday, Friday, Saturday, Sunday",(706) 324-4363,"North Columbus Dental Care, 6233 Veterans Pkwy, Columbus, GA 31909","swords, office, feel, cleaning, smile, comfortable, fear, atmosphere, questions, understanding",https://www.google.com/maps/place/North+Columbus+Dental+Care/data=!4m7!3m6!1s0x888ccda4da3ce997:0x6a357fb46a96c896!8m2!3d32.5348465!4d-84.9553293!16s%2Fg%2F12645qq9q!19sChIJl-k82qTNjIgRlsiWarR_NWo?authuser=0&hl=en&rclk=1
ChIJ13uZ1tIH9YgR_YQnTrqWekc,Briarcliff Dental Group,,False,516,https://www.briarcliffdentalgroup.com/,Briarcliff Dental Group (Owner),https://www.google.com/maps/contrib/107541548299792757301,https://lh5.googleusercontent.com/p/AF1QipOuN6Z8wYzpitVL5PhQbmEr6nnhhx9cyGKKV5hF=w408-h269-k-no,Cosmetic dentist,"Cosmetic dentist, Dental implants periodontist, Endodontist, Oral surgeon, Orthodontist, Periodontist, Teeth whitening service",4.9,8 AM-5 PM,"Saturday, Sunday",(404) 633-9663,"Briarcliff Dental Group, 2775 Briarcliff Rd NE, Atlanta, GA 30329","hygienist, cleaning, job, front desk, comfortable, atmosphere, chair, x-rays, safety, root canal",https://www.google.com/maps/place/Briarcliff+Dental+Group/data=!4m7!3m6!1s0x88f507d2d6997bd7:0x477a96ba4e2784fd!8m2!3d33.8317438!4d-84.321826!16s%2Fg%2F1td8zzc6!19sChIJ13uZ1tIH9YgR_YQnTrqWekc?authuser=0&hl=en&rclk=1
ChIJFwjfprmk9YgRZVPsviAaSxo,"Affordable Dental Care, LLC",,False,514,http://www.theaffordabledental.com/,"Affordable Dental Care, LLC (Owner)",https://www.google.com/maps/contrib/106814568665077071376,https://lh5.googleusercontent.com/p/AF1QipPN3Ud3t-SbicUBiX5mbkeA0AKxYdKkE6Wi88tY=w408-h273-k-no,Dentist,"Dentist, Cosmetic dentist, Dental implants provider, Emergency dental service, Oral surgeon, Orthodontist",4.6,9 AM-5 PM,"Thursday, Friday, Saturday, Sunday",(770) 279-2020,"Affordable Dental Care, LLC, 3993 Lawrenceville Hwy NW #100, Lilburn, GA 30047","insurance, job, extractions, pay, front desk, root canals, pressure, waste, molar, honesty","https://www.google.com/maps/place/Affordable+Dental+Care,+LLC/data=!4m7!3m6!1s0x88f5a4b9a6df0817:0x1a4b1a20beec5365!8m2!3d33.9045569!4d-84.1136287!16s%2Fg%2F1vrqbh0t!19sChIJFwjfprmk9YgRZVPsviAaSxo?authuser=0&hl=en&rclk=1"
ChIJ_yM99u0F9YgRrkPbrJrwVfU,"Smile Forever Atlanta: Dental Implants, Cosmetic Dentist",,False,506,https://www.smileforeveratlanta.com/,"Smile Forever Atlanta: Dental Implants, Cosmetic Dentist (Owner)",https://www.google.com/maps/contrib/103743176113967423528,https://lh5.googleusercontent.com/p/AF1QipMQ42YhNsNckipAOU8ghbGPdjU08X1UDFsf5bXo=w408-h273-k-no,Cosmetic dentist,"Cosmetic dentist, Dental implants periodontist, Dentist",4.8,8 AM-4:30 PM,"Saturday, Sunday",(404) 261-8880,"Smile Forever Atlanta: Dental Implants, Cosmetic Dentist, 2960 Hardman Ct NE, Atlanta, GA 30305","comfortable, x-rays, walked, job, name, deep cleaning, phone, pay, work, upsell","https://www.google.com/maps/place/Smile+Forever+Atlanta:+Dental+Implants,+Cosmetic+Dentist/data=!4m7!3m6!1s0x88f505edf63d23ff:0xf555f09aacdb43ae!8m2!3d33.8356588!4d-84.370902!16s%2Fg%2F11cn932n3j!19sChIJ_yM99u0F9YgRrkPbrJrwVfU?authuser=0&hl=en&rclk=1"
ChIJd-6vJfh19YgRpSJmoi6FPIk,Milton Family Dental Care,,False,503,http://miltonfamilydentalcare.com/,Milton Family Dental Care (Owner),https://www.google.com/maps/contrib/108774946316228006138,https://lh5.googleusercontent.com/p/AF1QipO6cVvjINdjogf3qHHvOQ5yHsmPj5U3W-jDZoHf=w426-h240-k-no,Dentist,Dentist,4.8,7:30 AM-4:30 PM,"Friday, Saturday, Sunday",(678) 691-2900,"Milton Family Dental Care, 12988 GA-9, Milton, GA 30004","cleaning, epstein, insurance, x-rays, crown, front desk, efficient, job, pay, environment",https://www.google.com/maps/place/Milton+Family+Dental+Care/data=!4m7!3m6!1s0x88f575f825afee77:0x893c852ea26622a5!8m2!3d34.0985191!4d-84.2719663!16s%2Fg%2F11b6s_5_wx!19sChIJd-6vJfh19YgRpSJmoi6FPIk?authuser=0&hl=en&rclk=1
ChIJ6-MXI3gE9YgRDHYCdxpf4WA,Downtown Atlanta Dentistry,,False,467,https://www.downtownatlantadentistry.com/,Downtown Atlanta Dentistry (Owner),https://www.google.com/maps/contrib/117701376837216487027,https://lh5.googleusercontent.com/p/AF1QipMJwMkKHparb13IviFtig8q8PID9BqW583oxM8I=w408-h408-k-no,Dentist,Dentist,4.6,7 AM-4 PM,"Saturday, Sunday",(404) 999-1436,"Downtown Atlanta Dentistry, 229 Peachtree St NE #206, Atlanta, GA 30303","office, questions, insurance, parking, x-rays, teeth cleaning, energy, professional service, bill, check",https://www.google.com/maps/place/Downtown+Atlanta+Dentistry/data=!4m7!3m6!1s0x88f504782317e3eb:0x60e15f1a7702760c!8m2!3d33.759834!4d-84.386437!16s%2Fg%2F1tdlw33l!19sChIJ6-MXI3gE9YgRDHYCdxpf4WA?authuser=0&hl=en&rclk=1
ChIJu6bglsCm9YgRkr7C-JPclCU,DentFirst Dental Care Norcross,,False,463,http://www.dentfirst.com/locations/norcross/,DentFirst Dental Care Norcross (Owner),https://www.google.com/maps/contrib/104403132605963813889,https://lh5.googleusercontent.com/p/AF1QipNiMrRMEhJ6GjU7PSFbOhc9oMsnX47zNZBEpdI=w408-h270-k-no,Dentist,"Dentist, Cosmetic dentist, Dental clinic, Dental hygienist, Dental implants periodontist, Emergency dental service, Oral surgeon, Orthodontist, Periodontist, Teeth whitening service",4.8,8 AM-8 PM,"Saturday, Sunday",(770) 448-3031,"DentFirst Dental Care Norcross, 6060 Dawson Blvd suite I, Norcross, GA 30093","cleaning, smile, job, insurance, x-rays, informative, front desk, gums, school, confident",https://www.google.com/maps/place/DentFirst+Dental+Care+Norcross/data=!4m7!3m6!1s0x88f5a6c096e0a6bb:0x2594dc93f8c2be92!8m2!3d33.9080597!4d-84.2091464!16s%2Fg%2F1tg79x1q!19sChIJu6bglsCm9YgRkr7C-JPclCU?authuser=0&hl=en&rclk=1
ChIJoXV75lcE9YgR6GVobluLOsk,19th Street Dental,,False,456,https://www.19thstreetdental.com/,19th Street Dental (Owner),https://www.google.com/maps/contrib/100343016144189169224,https://lh5.googleusercontent.com/p/AF1QipPjlLELNSdDRvsh6G42u2eOpdqfe7KjyVqnkY_O=w408-h306-k-no,Dentist,"Dentist, Cosmetic dentist, Dental implants provider, Emergency dental service, Orthodontist",4.9,8 AM-5 PM,"Friday, Saturday, Sunday",(678) 990-3143,"19th Street Dental, 232 19th St NW #7200, Atlanta, GA 30363","cleaning, smile, insurance, job, crown, front office, technology, efficient, environment, practice",https://www.google.com/maps/place/19th+Street+Dental/data=!4m7!3m6!1s0x88f50457e67b75a1:0xc93a8b5b6e6865e8!8m2!3d33.793186!4d-84.3955146!16s%2Fg%2F1tf0rg65!19sChIJoXV75lcE9YgR6GVobluLOsk?authuser=0&hl=en&rclk=1
ChIJ13wim_YD9YgRFwWU2N-rlkI,Modern Dental,,False,452,http://www.moderndentalatlanta.com/,Modern Dental (Owner),https://www.google.com/maps/contrib/118378070325097342301,https://lh5.googleusercontent.com/p/AF1QipOPN8wfjpzMlSHaBGPih_izBnhiMCeIldbYo1qd=w426-h240-k-no,Dentist,"Dentist, Cosmetic dentist, Dental clinic",4.8,9 AM-5 PM,"Saturday, Sunday",(404) 589-0900,"Modern Dental, 545 Edgewood Ave SE, Atlanta, GA 30312","cleaning, desk, atmosphere, TV, netflix, smile, job, wisdom teeth, x-rays, work",https://www.google.com/maps/place/Modern+Dental/data=!4m7!3m6!1s0x88f503f69b227cd7:0x4296abdfd8940517!8m2!3d33.7541114!4d-84.3695349!16s%2Fg%2F12hlbzz8_!19sChIJ13wim_YD9YgRFwWU2N-rlkI?authuser=0&hl=en&rclk=1
ChIJlVHz1j3d9YgRQwmqVkTErPg,Dental Care at Barrow Crossing,,False,448,http://dentalcareatbarrowcrossing.com/,Dental Care at Barrow Crossing (Owner),https://www.google.com/maps/contrib/108218713675508683759,https://lh5.googleusercontent.com/p/AF1QipMIiIiy9t4zt7Z0uYqLacvkFieu8ndJdtVOc0JU=w426-h240-k-no,Dentist,Dentist,4.8,8 AM-5 PM,"Friday, Saturday, Sunday",(470) 499-2612,"Dental Care at Barrow Crossing, 920 Loganville Hwy Ste 100, Bethlehem, GA 30620","cleaning, feel, comfortable, front desk, x-rays, informative, questions, understanding, fear, job",https://www.google.com/maps/place/Dental+Care+at+Barrow+Crossing/data=!4m7!3m6!1s0x88f5dd3dd6f35195:0xf8acc44456aa0943!8m2!3d33.943799!4d-83.756662!16s%2Fg%2F11fm5sy94c!19sChIJlVHz1j3d9YgRQwmqVkTErPg?authuser=0&hl=en&rclk=1
ChIJg30hQGgE9YgRhlPExvnLGHU,Gentle Dental Care/Georgia Dental Implant Center,,False,433,https://www.atlgentledental.com/%3Futm_source%3Dgmb_auth,Gentle Dental Care/Georgia Dental Implant Center (Owner),https://www.google.com/maps/contrib/115291809833412879086,https://lh5.googleusercontent.com/p/AF1QipPzDVAwHmlRVKUCHeKk73b-Annwy-2X9s15i6-Y=w486-h240-k-no,Dentist,"Dentist, Cosmetic dentist, Dental implants provider",4.8,8 AM-5 PM,"Thursday, Saturday, Sunday",(678) 321-1888,"Gentle Dental Care/Georgia Dental Implant Center, 900 Peachtree St NE Suite 100A, Atlanta, GA 30309","cleaning, smile, feel, job, front desk, insurance, name, fillings, atmosphere, pay",https://www.google.com/maps/place/Gentle+Dental+Care%2FGeorgia+Dental+Implant+Center/data=!4m7!3m6!1s0x88f5046840217d83:0x7518cbf9c6c45386!8m2!3d33.7793033!4d-84.3845154!16s%2Fg%2F1hc14k866!19sChIJg30hQGgE9YgRhlPExvnLGHU?authuser=0&hl=en&rclk=1
ChIJK4C_nxUH9YgReguzcTwtQqQ,Georgia Dental Center,,False,418,http://georgiadentalcenter.com/,Georgia Dental Center (Owner),https://www.google.com/maps/contrib/103034835846231163434,https://lh5.googleusercontent.com/p/AF1QipNTWak_JKGb9rgYzpuYzoeuXDrQA9jjGxHlu58Y=w426-h240-k-no,Dentist,Dentist,4.7,8 AM-5 PM,"Friday, Saturday, Sunday",(404) 377-7711,"Georgia Dental Center, 755 Commerce Dr Ste. 513, Decatur, GA 30030","price, questions, front desk, job, x-rays, call, insurance, comfortable, deep cleaning, morning",https://www.google.com/maps/place/Georgia+Dental+Center/data=!4m7!3m6!1s0x88f507159fbf802b:0xa4422d3c71b30b7a!8m2!3d33.777445!4d-84.294017!16s%2Fg%2F1tdb9p6l!19sChIJK4C_nxUH9YgReguzcTwtQqQ?authuser=0&hl=en&rclk=1
ChIJN_KCU0jg84gRckr9TL9x8sA,Davis Dental Care,,False,412,https://www.davisdentalcarega.com/,Davis Dental Care (Owner),https://www.google.com/maps/contrib/102383200676547192930,https://lh5.googleusercontent.com/p/AF1QipObsfc-4qI8uuWaV6Y6BmIs5D0FEm5h3RXywxV4=w506-h240-k-no,Dentist,"Dentist, Dental implants provider",5,8:30 AM-5 PM,"Friday, Saturday, Sunday",(478) 922-5882,"Davis Dental Care, 120 Ryan Davis Ct, Bonaire, GA 31005","office, feel, cleaning, anxiety, questions, understanding, facility, fear, polite, pleasure",https://www.google.com/maps/place/Davis+Dental+Care/data=!4m7!3m6!1s0x88f3e0485382f237:0xc0f271bf4cfd4a72!8m2!3d32.5538372!4d-83.6391298!16s%2Fg%2F1hhxrhtrk!19sChIJN_KCU0jg84gRckr9TL9x8sA?authuser=0&hl=en&rclk=1
ChIJhYffmLgM9YgRqI3C5c7ZDGk,Marietta Roswell Dental Care,,False,397,https://www.mariettaroswelldentist.com/%3Futm_source%3DGMB%26utm_medium%3Dorganic%26utm_campaign%3DDevOptimization%26utm_content%3DWebsite,Marietta Roswell Dental Care (Owner),https://www.google.com/maps/contrib/117306755438337422278,https://lh5.googleusercontent.com/p/AF1QipNFoHVjHRUSPS3LHAsQPBwcERDUr8w9eGTZ0z7_=w452-h240-k-no,Dentist,"Dentist, Cosmetic dentist, Dental clinic, Emergency dental service, Teeth whitening service",4.9,7:30 AM-5 PM,"Saturday, Sunday",(770) 993-2657,"Marietta Roswell Dental Care, 9410 Willeo Rd A, Roswell, GA 30075","cleaning, crown, practice, compassionate, retired, work, front desk, plan, state of the art, dental emergency",https://www.google.com/maps/place/Marietta+Roswell+Dental+Care/data=!4m7!3m6!1s0x88f50cb898df8785:0x690cd9cee5c28da8!8m2!3d34.010199!4d-84.37517!16s%2Fg%2F1tfkrm2r!19sChIJhYffmLgM9YgRqI3C5c7ZDGk?authuser=0&hl=en&rclk=1
ChIJD66N19R09YgRzIC16DU8-Vs,Roswell Dental Care,,False,374,http://www.roswelldentalcare.com/,Roswell Dental Care (Owner),https://www.google.com/maps/contrib/115267969087493041592,https://lh5.googleusercontent.com/p/AF1QipNFkwB-6vceuv4UosfL7x6Ipp39d_m2kTF3hy8a=w408-h544-k-no,Cosmetic dentist,"Cosmetic dentist, Dental clinic, Dental implants provider, Dentist, Emergency dental service, Teeth whitening service",4.9,8 AM-5 PM,"Friday, Saturday, Sunday",(678) 802-8576,"Roswell Dental Care, 1570 Old Alabama Rd #102, Roswell, GA 30076","cleaning, job, front office, technology, expert, health, anxiety, informative, x-rays, comfortable",https://www.google.com/maps/place/Roswell+Dental+Care/data=!4m7!3m6!1s0x88f574d4d78dae0f:0x5bf93c35e8b580cc!8m2!3d34.0227168!4d-84.3149627!16s%2Fg%2F1th6fpgd!19sChIJD66N19R09YgRzIC16DU8-Vs?authuser=0&hl=en&rclk=1
ChIJ8csegZID9YgRxdML2EXrJDs,Smiles 4 Grant Park,,False,371,http://www.smiles4grantpark.com/,Smiles 4 Grant Park (Owner),https://www.google.com/maps/contrib/106076021150964458250,https://lh5.googleusercontent.com/p/AF1QipN2L6L7wzLhJzYhwLyg8qtx3AHHpjJC9vb27JVr=w408-h408-k-no,Dentist,"Dentist, Cosmetic dentist, Dental clinic, Dental implants provider, Emergency dental service, Teeth whitening service",4.9,8:30 AM-4:30 PM,"Friday, Saturday, Sunday",(404) 328-7177,"Smiles 4 Grant Park, 301 Memorial Dr SE CU-A, Atlanta, GA 30312","cleaning, music, informative, headphones, netflix, front desk, comfortable, blanket, plan, exam",https://www.google.com/maps/place/Smiles+4+Grant+Park/data=!4m7!3m6!1s0x88f50392811ecbf1:0x3b24eb45d80bd3c5!8m2!3d33.7467202!4d-84.3772421!16s%2Fg%2F11d_bjwhxn!19sChIJ8csegZID9YgRxdML2EXrJDs?authuser=0&hl=en&rclk=1
ChIJPVLY8aCn9YgRCIpzk_tA-Z8,3640 Dental - Atlanta,,False,364,https://3640dental.com/,3640 Dental - Atlanta (Owner),https://www.google.com/maps/contrib/101675403194856084251,https://lh5.googleusercontent.com/p/AF1QipOqPP_ZOjqKYQ4PJNfN2UR4PPK5Pghpl5LHi1o-=w408-h408-k-no,Dentist,"Dentist, Cosmetic dentist, Dental clinic, Dental hygienist",4.8,8 AM-5 PM,"Saturday, Sunday",(770) 215-0087,"3640 Dental - Atlanta, 3640 Chamblee Tucker Rd, Atlanta, GA 30341","cleaning, job, feel, price, health, retired, x-rays, check-up, amber, funny",https://www.google.com/maps/place/3640+Dental+-+Atlanta/data=!4m7!3m6!1s0x88f5a7a0f1d8523d:0x9ff940fb93738a08!8m2!3d33.8838701!4d-84.2453848!16s%2Fg%2F1tff8g5z!19sChIJPVLY8aCn9YgRCIpzk_tA-Z8?authuser=0&hl=en&rclk=1
ChIJl_Qlu-AF9YgRk452SO60XLE,Dental Care 24/7 Atlanta,,False,348,https://www.dentalcare247.com/locations/dental-care-24-7-atlanta,Dental Care 24/7 Atlanta (Owner),https://www.google.com/maps/contrib/114140828415215085439,https://lh5.googleusercontent.com/p/AF1QipMAOlkqhRmgeimB85C41ui1ldfB36qg2Bl_rxky=w426-h240-k-no,Dental clinic,"Dental clinic, Cosmetic dentist, Dental hygienist, Dental implants periodontist, Dental laboratory, Medical clinic, Walk-in clinic",3.9,,,(470) 809-1584,"Dental Care 24/7 Atlanta, 285 Centennial Olympic Park Dr NW Commercial Unit 2B, Atlanta, GA 30313","x-ray, insurance, tooth extraction, tooth pain, antibiotic, medical, emergency dental, rip off, scam, pain medicine",https://www.google.com/maps/place/Dental+Care+24%2F7+Atlanta/data=!4m7!3m6!1s0x88f505e0bb25f497:0xb15cb4ee48768e93!8m2!3d33.7625493!4d-84.3914096!16s%2Fg%2F11h6t6lykh!19sChIJl_Qlu-AF9YgRk452SO60XLE?authuser=0&hl=en&rclk=1
ChIJy7dcxkwN9YgRUZIaJl2pmBE,All Dental Care,,False,346,http://www.alldentalcareonline.com/,All Dental Care (Owner),https://www.google.com/maps/contrib/112697496903224293770,https://lh5.googleusercontent.com/p/AF1QipN5vLx68AgqSfpk7XluMzpC9uo4VoyYd6L1v540=w426-h240-k-no,Dentist,"Dentist, Cosmetic dentist, Dental clinic, Dental implants provider, Emergency dental service, Teeth whitening service",4.9,8:30 AM-5 PM,"Saturday, Sunday",(770) 790-0185,"All Dental Care, 3162 Johnson Ferry Rd #150, Marietta, GA 30062","cleaning, insurance, feel, smile, job, comfortable, informative, cost, front office, questions",https://www.google.com/maps/place/All+Dental+Care/data=!4m7!3m6!1s0x88f50d4cc65cb7cb:0x1198a95d261a9251!8m2!3d34.0251757!4d-84.422817!16s%2Fg%2F1tk_q37y!19sChIJy7dcxkwN9YgRUZIaJl2pmBE?authuser=0&hl=en&rclk=1
ChIJo6UYkDMc9YgRELnMhgfTEd8,Coast Dental,,False,331,https://www.coastdental.com/dentist-office/atlanta-ga-30305?utm_source=gmb&utm_medium=organic,Coast Dental (Owner),https://www.google.com/maps/contrib/108560884465482441489,https://streetviewpixels-pa.googleapis.com/v1/thumbnail?panoid=wCpav9NMEkFhOF7FcXblmg&cb_client=search.gws-prod.gps&w=408&h=240&yaw=171.15921&pitch=0&thumbfov=100,Dentist,"Dentist, Cosmetic dentist, Dental clinic, Dental hygienist, Dental implants periodontist, Denture care center, Emergency dental service, Orthodontist, Pediatric dentist, Teeth whitening service",4.5,8:30 AM-5 PM,"Thursday, Friday, Saturday, Sunday",(678) 891-0069,"Coast Dental, 3660 Cascade Rd Ste B, Atlanta, GA 30331","cleaning, feel, insurance, x-rays, job, office manager, information, call, chair, anxiety",https://www.google.com/maps/place/Coast+Dental/data=!4m7!3m6!1s0x88f51c339018a5a3:0xdf11d30786ccb910!8m2!3d33.7227915!4d-84.5071013!16s%2Fg%2F1tmplbrw!19sChIJo6UYkDMc9YgRELnMhgfTEd8?authuser=0&hl=en&rclk=1
ChIJpf0KKj4G9YgRViZZvCUions,Coast Dental,,False,330,https://www.coastdental.com/dentist-office/atlanta-ga-30329%3Futm_source%3Dgmb%26utm_medium%3Dorganic,Coast Dental (Owner),https://www.google.com/maps/contrib/107387637235384717452,https://lh5.googleusercontent.com/p/AF1QipNpPexZU9JLl3o3-ylQc1cOU2SYDczxrQaAWOSX=w408-h306-k-no,Dentist,"Dentist, Cosmetic dentist, Dental clinic, Dental hygienist, Dental implants periodontist, Denture care center, Emergency dental service, Orthodontist, Pediatric dentist, Teeth whitening service",4.2,8 AM-5 PM,"Thursday, Friday, Sunday",(404) 315-7375,"Coast Dental, 2484 Briarcliff Rd NE #29, Atlanta, GA 30329","cleaning, x-rays, insurance, pay, call, front desk, work, attitude, out of pocket, voicemail",https://www.google.com/maps/place/Coast+Dental/data=!4m7!3m6!1s0x88f5063e2a0afda5:0x7ba22225bc592656!8m2!3d33.828252!4d-84.3322962!16s%2Fg%2F1tdbg87k!19sChIJpf0KKj4G9YgRViZZvCUions?authuser=0&hl=en&rclk=1
ChIJ30JeSHsc9YgRKCgnFCE7wiY,Beautiful Smiles at MLK,,False,327,https://www.smilesatl.com/,Beautiful Smiles at MLK (Owner),https://www.google.com/maps/contrib/108585069888500682093,https://lh5.googleusercontent.com/p/AF1QipMsFKblRap-_ZnEgvP0O8vvn9ygpSnOkpxY3qnr=w408-h258-k-no,Dentist,Dentist,4,8 AM-5 PM,"Friday, Saturday, Sunday",(404) 696-3163,"Beautiful Smiles at MLK, 3050-A M.L.K. Jr Dr SW, Atlanta, GA 30311","kids, job, cleaning, son, room, scheduling, chairs, school, attitude, understanding",https://www.google.com/maps/place/Beautiful+Smiles+at+MLK/data=!4m7!3m6!1s0x88f51c7b485e42df:0x26c23b2114272828!8m2!3d33.7520506!4d-84.4857823!16s%2Fg%2F1tfzc0gh!19sChIJ30JeSHsc9YgRKCgnFCE7wiY?authuser=0&hl=en&rclk=1
ChIJGaiPt3mj9YgRii379PwHkmw,Ace Family Dental & Cosmetic Dentist,,False,313,http://www.acefamilydental.com/,Ace Family Dental & Cosmetic Dentist (Owner),https://www.google.com/maps/contrib/102611122370453607270,https://lh5.googleusercontent.com/p/AF1QipPtJfba46ezYRBG9PrEiiAMqydE2floN9JeSmE=w408-h307-k-no,Dentist,"Dentist, Cosmetic dentist, Dental clinic, Dental hygienist, Dental implants provider, Denture care center, Emergency dental service, Pediatric dentist, Periodontist, Teeth whitening service",4.8,9 AM-5 PM,"Saturday, Sunday",(770) 806-1255,"Ace Family Dental & Cosmetic Dentist, 3985 Steve Reynolds Blvd k101, Norcross, GA 30093","cleaning, informative, job, front desk, questions, insurance, x-rays, felt, comfortable, mouth",https://www.google.com/maps/place/Ace+Family+Dental+%26+Cosmetic+Dentist/data=!4m7!3m6!1s0x88f5a379b78fa819:0x6c9207fcf4fb2d8a!8m2!3d33.9354945!4d-84.1395423!16s%2Fg%2F1261yqbh_!19sChIJGaiPt3mj9YgRii379PwHkmw?authuser=0&hl=en&rclk=1
ChIJkdmo8pX-9IgR0I5XKq_wKNw,Coast Dental,,False,299,https://www.coastdental.com/dentist-office/morrow-ga-30260%3Futm_source%3Dgmb%26utm_medium%3Dorganic,Coast Dental (Owner),https://www.google.com/maps/contrib/114895882563994227903,https://lh5.googleusercontent.com/p/AF1QipOP-Xy2DeYk4mJxAu3XiI5AXZWtitSFHZRMsT3A=w408-h725-k-no,Dentist,"Dentist, Cosmetic dentist, Dental clinic, Dental hygienist, Dental implants periodontist, Denture care center, Emergency dental service, Orthodontist, Pediatric dentist, Teeth whitening service",4.6,8:30 AM-5 PM,"Thursday, Friday, Saturday, Sunday",(678) 422-6967,"Coast Dental, 5656 Jonesboro Rd Ste 103, Morrow, GA 30260","feel, job, cleaning, x-rays, smile, informative, prices, office manager, questions, front office",https://www.google.com/maps/place/Coast+Dental/data=!4m7!3m6!1s0x88f4fe95f2a8d991:0xdc28f0af2a578ed0!8m2!3d33.6007686!4d-84.3370298!16s%2Fg%2F1tmxrvym!19sChIJkdmo8pX-9IgR0I5XKq_wKNw?authuser=0&hl=en&rclk=1
ChIJgRDBTB8F9YgRvX_d0Tod-EU,Collier Hills Dental,,False,297,http://collierhillsdental.com/,Collier Hills Dental (Owner),https://www.google.com/maps/contrib/109797658759316972476,https://streetviewpixels-pa.googleapis.com/v1/thumbnail?panoid=tsCtcI1x-9MjxaoBu_pcHQ&cb_client=search.gws-prod.gps&w=408&h=240&yaw=351.28345&pitch=0&thumbfov=100,Dental clinic,Dental clinic,4.8,8 AM-5 PM,"Saturday, Sunday",(404) 355-4952,"Collier Hills Dental, 857 Collier Rd NW # 14, Atlanta, GA 30318","hygienist, cleaning, office, feel, insurance, questions, informative, environment, comfortable, crown",https://www.google.com/maps/place/Collier+Hills+Dental/data=!4m7!3m6!1s0x88f5051f4cc11081:0x45f81d3ad1dd7fbd!8m2!3d33.81035!4d-84.415906!16s%2Fg%2F1262mcd3f!19sChIJgRDBTB8F9YgRvX_d0Tod-EU?authuser=0&hl=en&rclk=1
ChIJt3HwQvUF9YgRPKVGzZWciDo,Coast Dental,,False,288,https://www.coastdental.com/dentist-office/atlanta-ga-30305%3Futm_source%3Dgmb%26utm_medium%3Dorganic,Coast Dental (Owner),https://www.google.com/maps/contrib/115901534431575197107,https://lh5.googleusercontent.com/p/AF1QipPotYsdJ274eA2pEbIA1rJvVvxnRsfaP0fq5EiI=w408-h544-k-no,Dentist,"Dentist, Cosmetic dentist, Dental clinic, Dental hygienist, Dental implants periodontist, Denture care center, Emergency dental service, Orthodontist, Pediatric dentist, Teeth whitening service",4.1,8 AM-5 PM,"Thursday, Friday, Sunday",(404) 237-5330,"Coast Dental, 3330 Piedmont Rd NE Ste 13, Atlanta, GA 30305","cleaning, front desk, insurance, pay, x-rays, receptionist, orthodontist, dr. quinn, room, management",https://www.google.com/maps/place/Coast+Dental/data=!4m7!3m6!1s0x88f505f542f071b7:0x3a889c95cd46a53c!8m2!3d33.8453058!4d-84.3736931!16s%2Fg%2F1tdqvckq!19sChIJt3HwQvUF9YgRPKVGzZWciDo?authuser=0&hl=en&rclk=1
ChIJ77oiUOED9YgRxJajgd2Op-I,Glenwood Dentistry and Orthodontics,,False,284,https://www.glenwooddentistry.com/%3Fsc_cid%3DGBP%253AO%253AGP%253A924%253AOrganic_Search%253AGeneral%253Ana%26_vsrefdom%3Dorganic_gbp%26y_source%3D1_MzI4MzIyOC03MTUtbG9jYXRpb24ud2Vic2l0ZQ%253D%253D,Glenwood Dentistry and Orthodontics (Owner),https://www.google.com/maps/contrib/100062501377119564566,https://lh5.googleusercontent.com/p/AF1QipNIM6f-FQjStTZrekbGjCAAfHXKKyGOWmN1tjX9=w426-h240-k-no,Dentist,"Dentist, Cosmetic dentist, Dental hygienist, Oral surgeon, Orthodontist, Teeth whitening service",3.7,8 AM-5 PM,"Thursday, Friday, Saturday, Sunday",(404) 260-4767,"Glenwood Dentistry and Orthodontics, 790 Glenwood Ave SE #210, Atlanta, GA 30316","cleaning, insurance, x-rays, front desk, job, call, technology, costs, plan, sitting",https://www.google.com/maps/place/Glenwood+Dentistry+and+Orthodontics/data=!4m7!3m6!1s0x88f503e15022baef:0xe2a78edd81a396c4!8m2!3d33.7407018!4d-84.361462!16s%2Fg%2F11by_g0ydl!19sChIJ77oiUOED9YgRxJajgd2Op-I?authuser=0&hl=en&rclk=1
ChIJ_e72vQQF9YgRaBegf6Q2SaQ,Tend Dental Buckhead,,False,243,https://www.hellotend.com/studios/atlanta/buckhead%3Futm_campaign%3Dlisting_buckhead%26utm_medium%3Dorganic%26utm_source%3Dgmb,Tend Dental Buckhead (Owner),https://www.google.com/maps/contrib/109898530763742246483,https://lh5.googleusercontent.com/p/AF1QipNXpWyZHXiBEJmgNE6ZelnO5OYE9RsoOR-4HkCv=w408-h541-k-no,Dentist,"Dentist, Emergency dental service, Orthodontist",4.4,8 AM-5 PM,Sunday,(404) 882-7864,"Tend Dental Buckhead, 265 East Paces Ferry Rd NE, Atlanta, GA 30305","cleaning, tv, parking, headphones, x-rays, pay, filling, aesthetic, braces, ceiling",https://www.google.com/maps/place/Tend+Dental+Buckhead/data=!4m7!3m6!1s0x88f50504bdf6eefd:0xa44936a47fa01768!8m2!3d33.8389095!4d-84.3788054!16s%2Fg%2F11sqshl3fk!19sChIJ_e72vQQF9YgRaBegf6Q2SaQ?authuser=0&hl=en&rclk=1
ChIJD2KxRtS49YgRWAG2qg4YE2E,Grayson Family Dental Care,,False,238,http://graysonfamilydenta.wix.com/grayson-dentist,Grayson Family Dental Care (Owner),https://www.google.com/maps/contrib/107643355705375176265,https://lh5.googleusercontent.com/p/AF1QipPKRon2c8nD0RFtwbDM9QnFW_ShyQCUbyKlaXYG=w427-h240-k-no,Dentist,Dentist,4.9,9 AM-5:30 PM,"Thursday, Sunday",(770) 696-1516,"Grayson Family Dental Care, 1365 Grayson Hwy #106, Lawrenceville, GA 30045","feel, clean, wisdom teeth, job, understanding, fear, information, environment, root canal, comfortable",https://www.google.com/maps/place/Grayson+Family+Dental+Care/data=!4m7!3m6!1s0x88f5b8d446b1620f:0x6113180eaab60158!8m2!3d33.912949!4d-83.970809!16s%2Fg%2F11b807b23c!19sChIJD2KxRtS49YgRWAG2qg4YE2E?authuser=0&hl=en&rclk=1
ChIJ82mg1JEF9YgRXq-8_B0FtEs,"Buckhead Dental Care: Amy Mandalia, DDS",,False,228,https://www.buckheaddentalcare.com/%3Futm_source%3Dgmb_auth,"Buckhead Dental Care: Amy Mandalia, DDS (Owner)",https://www.google.com/maps/contrib/117348490154384410640,https://lh5.googleusercontent.com/p/AF1QipN90ha8zA4wN9_g-zB9hBruEgPGObBiGNx80dfO=w408-h616-k-no,Dentist,"Dentist, Cosmetic dentist, Dental implants periodontist, Teeth whitening service",4.9,8 AM-4 PM,"Friday, Saturday, Sunday",(404) 239-9566,"Buckhead Dental Care: Amy Mandalia, DDS, 2964 Peachtree Rd #340, Atlanta, GA 30305","office, cleaning, dr. king, insurance, questions, smile, prices, environment, efficient, mandala","https://www.google.com/maps/place/Buckhead+Dental+Care:+Amy+Mandalia,+DDS/data=!4m7!3m6!1s0x88f50591d4a069f3:0x4bb4051dfcbcaf5e!8m2!3d33.8358461!4d-84.3832083!16s%2Fg%2F1tjbs_wr!19sChIJ82mg1JEF9YgRXq-8_B0FtEs?authuser=0&hl=en&rclk=1"
ChIJI_5yU_IF9YgR7FbwG1PwtAQ,Dentique,,False,222,http://www.dentiqueatl.com/,Dentique (Owner),https://www.google.com/maps/contrib/102129916033915457137,https://lh5.googleusercontent.com/p/AF1QipMlt_GIPwcRDQ09mO8XCn1CwUAGMkcpHDqdgB7S=w408-h272-k-no,Dentist,"Dentist, Dental implants periodontist, Emergency dental service, Orthodontist, Teeth whitening service",5,7:30 AM-5 PM,"Thursday, Friday, Saturday, Sunday",(404) 874-8744,"Dentique, 1545 Peachtree St NE #100, Atlanta, GA 30309","office, cleaning, feel, insurance, parking, expertise, environment, pleasure, questions, ceiling",https://www.google.com/maps/place/Dentique/data=!4m7!3m6!1s0x88f505f25372fe23:0x4b4f0531bf056ec!8m2!3d33.7972753!4d-84.3882181!16s%2Fg%2F11ghxp2h8k!19sChIJI_5yU_IF9YgR7FbwG1PwtAQ?authuser=0&hl=en&rclk=1
ChIJVYHTFPkF9YgRbuRmPHPJIZA,MINT dentistry,,False,221,http://midtown.mintdentistry.com/?utm_source=google&utm_medium=localsearch&utm_campaign=gmb,MINT dentistry (Owner),https://www.google.com/maps/contrib/110798352948611167015,https://lh5.googleusercontent.com/p/AF1QipOsAjTiNxSkCiUYe8wfy2llM9CrHfmdYKsfEnIh=w408-h272-k-no,Dentist,"Dentist, Cosmetic dentist",4.5,8 AM-5:30 PM,"Saturday, Sunday",(678) 884-1772,"MINT dentistry, 1010 W Peachtree St NW C-2, Atlanta, GA 30309","cleaning, music, massage chair, insurance, plan, teeth whitening, desk, understanding, information, exam",https://www.google.com/maps/place/MINT+dentistry/data=!4m7!3m6!1s0x88f505f914d38155:0x9021c9733c66e46e!8m2!3d33.7819059!4d-84.3885318!16s%2Fg%2F11sfpvltfg!19sChIJVYHTFPkF9YgRbuRmPHPJIZA?authuser=0&hl=en&rclk=1
ChIJd6Fj3CYH9YgRIf9P0Jc5snY,Edgewood Smiles Dentistry,,False,208,https://www.edgewoodsmilesdentistry.com/%3Fsc_cid%3DGBP%253AO%253AGP%253A889%253AOrganic_Search%253AGeneral%253Ana%26_vsrefdom%3Dorganic_gbp%26y_source%3D1_MTMyODcyOTctNzE1LWxvY2F0aW9uLndlYnNpdGU%253D,Edgewood Smiles Dentistry (Owner),https://www.google.com/maps/contrib/114846037813668007400,https://lh5.googleusercontent.com/p/AF1QipOYW0kerKvUVTgUz311KOqaE9K64di0OBmRicbS=w408-h271-k-no,Dentist,"Dentist, Cosmetic dentist, Dental hygienist, Oral surgeon, Teeth whitening service",3.9,8 AM-6 PM,"Thursday, Saturday, Sunday",(404) 329-0411,"Edgewood Smiles Dentistry, 144 Moreland Ave NE Ste A, Atlanta, GA 30307","office, cleaning, x-rays, plan, insurance, information, pay, review, out of pocket, second opinion",https://www.google.com/maps/place/Edgewood+Smiles+Dentistry/data=!4m7!3m6!1s0x88f50726dc63a177:0x76b23997d04fff21!8m2!3d33.7572594!4d-84.3497684!16s%2Fg%2F11fmtq9bz7!19sChIJd6Fj3CYH9YgRIf9P0Jc5snY?authuser=0&hl=en&rclk=1
ChIJIQUs4cLp9YgRPhN6-J8mbho,Auburn Dental Center,,False,204,https://www.auburndentalcenterga.com/,Auburn Dental Center (Owner),https://www.google.com/maps/contrib/112892807037842495683,https://lh5.googleusercontent.com/p/AF1QipO-6geYLYlpQC5MaoBPlHlUt8FsWAWnz0gV28l3=w408-h306-k-no,Dentist,Dentist,4.9,8 AM-5 PM,"Friday, Saturday, Sunday",(770) 339-4690,"Auburn Dental Center, 1310 Atlanta Hwy, Auburn, GA 30011","feel, cleaning, insurance, money, felt, facility",https://www.google.com/maps/place/Auburn+Dental+Center/data=!4m7!3m6!1s0x88f5e9c2e12c0521:0x1a6e269ff87a133e!8m2!3d34.0111274!4d-83.8237228!16s%2Fg%2F1hc3yst6h!19sChIJIQUs4cLp9YgRPhN6-J8mbho?authuser=0&hl=en&rclk=1
ChIJURJxUBMF9YgR5P9w-ce17Bk,Polish Dental Center of Midtown,,False,201,https://www.polishdentalcentermidtown.com/,Polish Dental Center of Midtown (Owner),https://www.google.com/maps/contrib/105328582889275230846,https://lh5.googleusercontent.com/p/AF1QipOZx0ahr6gyZTuorQpp32jdtXMak01lHbbVu36u=w408-h544-k-no,Dentist,"Dentist, Cosmetic dentist, Dental implants periodontist, Orthodontist, Teeth whitening service",4.4,8:30 AM-5 PM,"Saturday, Sunday",(404) 389-0700,"Polish Dental Center of Midtown, 587 Virginia Ave NE UNIT 5, Atlanta, GA 30306","cleaning, insurance, plan, x-rays, front desk, root canal, questions, manager, reviews, refund",https://www.google.com/maps/place/Polish+Dental+Center+of+Midtown/data=!4m7!3m6!1s0x88f5051350711251:0x19ecb5c7f970ffe4!8m2!3d33.7806953!4d-84.368283!16s%2Fg%2F11j3shrz46!19sChIJURJxUBMF9YgR5P9w-ce17Bk?authuser=0&hl=en&rclk=1
ChIJKaHCz6UF9YgR97Ib1JCtw1U,Buckhead Dental Center,,False,195,https://buckhead-dental.com/,Buckhead Dental Center (Owner),https://www.google.com/maps/contrib/100860410828271449443,https://lh5.googleusercontent.com/p/AF1QipOepnJn5vE6REJHn1y4rhHnFht9gmsi46Czh37j=w418-h240-k-no,Dentist,Dentist,4.6,7:45 AM-4 PM,"Saturday, Sunday",(404) 603-8350,"Buckhead Dental Center, 2282 Peachtree Rd, Atlanta, GA 30309","cleaning, office, cost, insurance, feel, plan, skills, atmosphere, check, educational",https://www.google.com/maps/place/Buckhead+Dental+Center/data=!4m7!3m6!1s0x88f505a5cfc2a129:0x55c3ad90d41bb2f7!8m2!3d33.8168472!4d-84.3906973!16s%2Fg%2F11bwh49snr!19sChIJKaHCz6UF9YgR97Ib1JCtw1U?authuser=0&hl=en&rclk=1
ChIJ_XkfsRkZ9YgRE9AJ5FvCGAo,Dr. James Steinhaus - Community Dental Services,,False,194,http://www.communitydentalservicesga.com/,Dr. James Steinhaus - Community Dental Services (Owner),https://www.google.com/maps/contrib/101442466890876341844,https://lh5.googleusercontent.com/p/AF1QipOip-Dj1LuPnr9e6s4Jy8CWocUV7RGjGdJajH64=w408-h443-k-no,Dentist,Dentist,4.8,"9 AM-1 PM, 2-5 PM","Thursday, Saturday, Sunday",(770) 948-9200,"Dr. James Steinhaus - Community Dental Services, 5761 Mableton Pkwy SW, Mableton, GA 30126","cleaning, office, feel, kindness",https://www.google.com/maps/place/Dr.+James+Steinhaus+-+Community+Dental+Services/data=!4m7!3m6!1s0x88f51919b11f79fd:0xa18c25be409d013!8m2!3d33.8136636!4d-84.5718758!16s%2Fg%2F1vn9py9l!19sChIJ_XkfsRkZ9YgRE9AJ5FvCGAo?authuser=0&hl=en&rclk=1
ChIJd5FlNTIc9YgRoIlTjYrbUyA,Georgia Orthodontic Studio - Atlanta,,False,192,https://www.orthodonticcarega.com/atlanta-office%3Futm_source%3Dgoogle%26utm_medium%3DYext,Georgia Orthodontic Studio - Atlanta (Owner),,https://lh5.googleusercontent.com/p/AF1QipPbVaXcIZU-IAaSqXOdx5ppXzqifnZkM50dtFv-=w408-h544-k-no,Orthodontist,Orthodontist,4,8:30 AM-5:30 PM,"Saturday, Sunday",(404) 691-4848,"Georgia Orthodontic Studio - Atlanta, 3680 Cascade Rd B, Atlanta, GA 30331","office, call, money, price, understanding, billing, hate, energy, manager, company",https://www.google.com/maps/place/Georgia+Orthodontic+Studio+-+Atlanta/data=!4m7!3m6!1s0x88f51c3235659177:0x2053db8a8d5389a0!8m2!3d33.7229575!4d-84.5083021!16s%2Fg%2F1tdj516n!19sChIJd5FlNTIc9YgRoIlTjYrbUyA?authuser=0&hl=en&rclk=1
ChIJ_S3GuYdz9YgRTxCiqgZTXiM,"Healthy Smiles of Georgia | Dentist in Alpharetta, Dental Implant",,False,182,https://healthysmilesofgeorgia.com/,"Healthy Smiles of Georgia | Dentist in Alpharetta, Dental Implant (Owner)",https://www.google.com/maps/contrib/105810788608230971765,https://lh5.googleusercontent.com/p/AF1QipOQtDaH2j23dj_sGIdRVEC0oS_Q2-RNReDCG7aO=w425-h240-k-no,Dentist,Dentist,4.8,8 AM-5 PM,"Tuesday, Wednesday, Thursday, Friday, Saturday, Sunday",(678) 786-2677,"Healthy Smiles of Georgia | Dentist in Alpharetta, Dental Implant, 295 Rucker Rd #160, Alpharetta, GA 30004","dr. j, feel, cleaning, children, job, home, environment, ginger, work, x-rays","https://www.google.com/maps/place/Healthy+Smiles+of+Georgia+%7C+Dentist+in+Alpharetta,+Dental+Implant/data=!4m7!3m6!1s0x88f57387b9c62dfd:0x235e5306aaa2104f!8m2!3d34.0771062!4d-84.3555613!16s%2Fg%2F1td4qk4q!19sChIJ_S3GuYdz9YgRTxCiqgZTXiM?authuser=0&hl=en&rclk=1"
ChIJcS2S4Q0G9YgRhoBVmS6VdD4,Siegel and Dolt Comprehensive Dental Care,,False,176,http://www.siegelanddolt.com/,Siegel and Dolt Comprehensive Dental Care (Owner),https://www.google.com/maps/contrib/108126937695107840033,https://lh5.googleusercontent.com/p/AF1QipPVnLI_afGpKg7cz0KZ45DJ7_8JwGwUEY10inpH=w408-h406-k-no,Dental clinic,"Dental clinic, Cosmetic dentist, Dental implants periodontist",4.9,8 AM-5 PM,"Saturday, Sunday",(404) 634-1277,"Siegel and Dolt Comprehensive Dental Care, 2751 Buford Hwy NE #302, Atlanta, GA 30324","hygienist, office, cleaning, feel, crowns, practice, questions, health, state of the art, fillings",https://www.google.com/maps/place/Siegel+and+Dolt+Comprehensive+Dental+Care/data=!4m7!3m6!1s0x88f5060de1922d71:0x3e74952e99558086!8m2!3d33.8290019!4d-84.3443409!16s%2Fg%2F1tgny1k4!19sChIJcS2S4Q0G9YgRhoBVmS6VdD4?authuser=0&hl=en&rclk=1
ChIJQYj_jJC49YgRTayK3hx35mU,Royal Dental Care,,False,169,http://www.graysonfamilydentistry.com/,Royal Dental Care (Owner),,https://lh5.googleusercontent.com/p/AF1QipP7tm0j6e3oQTs9G13IZdL5BR_wGLefTBeoNawn=w408-h544-k-no,Dentist,"Dentist, Cosmetic dentist",4.2,9 AM-5 PM,"Saturday, Sunday",(678) 672-1590,"Royal Dental Care, 2594 Loganville Hwy Ste 102, Grayson, GA 30017","feel, cleaning, insurance, front desk, pay, environment, smile, number, chair, mouth",https://www.google.com/maps/place/Royal+Dental+Care/data=!4m7!3m6!1s0x88f5b8908cff8841:0x65e6771cde8aac4d!8m2!3d33.8835243!4d-83.9410937!16s%2Fg%2F1xgzcmnb!19sChIJQYj_jJC49YgRTayK3hx35mU?authuser=0&hl=en&rclk=1
ChIJgaeKPqkF9YgRlgijebo_dzU,Peachtree Smile Center,,False,167,http://smile-center.net/,Peachtree Smile Center (Owner),https://www.google.com/maps/contrib/113554665171759698001,https://lh5.googleusercontent.com/p/AF1QipOapX8OXfMIEpR0W_rn1v3uL_6SMcuiQN8bSWEC=w426-h240-k-no,Dentist,Dentist,4.9,8:30 AM-5 PM,"Saturday, Sunday",(404) 605-0359,"Peachtree Smile Center, 2045 Peachtree Rd #100, Atlanta, GA 30309","feel, cleaning, health, schedule, kids, crown, fillings, job, matter, questions",https://www.google.com/maps/place/Peachtree+Smile+Center/data=!4m7!3m6!1s0x88f505a93e8aa781:0x35773fba79a30896!8m2!3d33.8103837!4d-84.3921075!16s%2Fg%2F1tg3byjm!19sChIJgaeKPqkF9YgRlgijebo_dzU?authuser=0&hl=en&rclk=1
ChIJOx7u4HIJ9YgR8qI6c64ifn8,Sandy Springs Restorative & General Dentistry,,False,157,https://www.sandyspringsdentistry.com/,Sandy Springs Restorative & General Dentistry (Owner),https://www.google.com/maps/contrib/101067757947940987312,https://lh5.googleusercontent.com/p/AF1QipP_osQ3I_FPWVtG5hc8qgk0yAO-4xOPWePDj5mO=w426-h240-k-no,Dentist,"Dentist, Cosmetic dentist, Dental clinic, Dental implants periodontist, Emergency dental service, Orthodontist, Teeth whitening service",4.9,8 AM-4:30 PM,"Saturday, Sunday",(404) 252-1216,"Sandy Springs Restorative & General Dentistry, 5669 Peachtree Dunwoody Rd #375, Atlanta, GA 30342","cleaning, office, happy, questions, smile, anxiety, x-rays, cavity, crown, interest",https://www.google.com/maps/place/Sandy+Springs+Restorative+%26+General+Dentistry/data=!4m7!3m6!1s0x88f50972e0ee1e3b:0x7f7e22ae733aa2f2!8m2!3d33.9093658!4d-84.3497707!16s%2Fg%2F1td8zzcd!19sChIJOx7u4HIJ9YgR8qI6c64ifn8?authuser=0&hl=en&rclk=1
ChIJPQ8CD3QH9YgRe9k9pJHCWqA,North Decatur Dentistry,,False,141,https://www.northdecaturdentistry.com/%3Fsc_cid%3DGBP%253AO%253AGP%253A923%253AOrganic_Search%253AGeneral%253Ana%26_vsrefdom%3Dorganic_gbp%26y_source%3D1_NDIxMjMzNy03MTUtbG9jYXRpb24ud2Vic2l0ZQ%253D%253D,North Decatur Dentistry (Owner),https://www.google.com/maps/contrib/103945828150537920808,https://lh5.googleusercontent.com/p/AF1QipOidqfitZfq0FvRMsTRSzsWSOWJK9PEhLZ4S8we=w408-h612-k-no,Dentist,"Dentist, Cosmetic dentist, Dental hygienist, Oral surgeon, Teeth whitening service",3.9,9 AM-5 PM,"Thursday, Friday, Saturday, Sunday",(678) 203-3462,"North Decatur Dentistry, 2570 Blackmon Dr Ste 310, Decatur, GA 30033","cleaning, office, call, pay, x-rays, upsell, feel, price, oral surgery, out of pocket",https://www.google.com/maps/place/North+Decatur+Dentistry/data=!4m7!3m6!1s0x88f507740f020f3d:0xa05ac291a43dd97b!8m2!3d33.7925734!4d-84.28657!16s%2Fg%2F11dx9wxp_p!19sChIJPQ8CD3QH9YgRe9k9pJHCWqA?authuser=0&hl=en&rclk=1
ChIJ2Z_L6eMD9YgR6eMmLKvzg2M,Southern Smiles Family Dentistry,,False,140,http://www.southernsmilesga.com/,Southern Smiles Family Dentistry (Owner),https://www.google.com/maps/contrib/106649161599860412844,https://lh5.googleusercontent.com/p/AF1QipMBJKESMycEHcYokVqZzjx-ibgWBYgH_JoEvaiB=w408-h544-k-no,Dentist,Dentist,3.6,8 AM-4:30 PM,"Monday, Saturday, Sunday",(404) 622-0622,"Southern Smiles Family Dentistry, 475 Bill Kennedy Wy SE, Atlanta, GA 30316","cleaning, x-rays, kids, front desk, insurance, call, receptionist, home, work, room",https://www.google.com/maps/place/Southern+Smiles+Family+Dentistry/data=!4m7!3m6!1s0x88f503e3e9cb9fd9:0x6383f3ab2c26e3e9!8m2!3d33.7405751!4d-84.3583804!16s%2Fg%2F1td5x_bj!19sChIJ2Z_L6eMD9YgR6eMmLKvzg2M?authuser=0&hl=en&rclk=1
ChIJ4Xfj1wa79YgRaA6v4UjO-6k,Smith Dental Care of Lilburn,,False,137,https://csmithdental.com/%3Futm_source%3Dgmb%26utm_medium%3Dorganic%26utm_campaign%3DGoogle%2BMy%2BBusiness,Smith Dental Care of Lilburn (Owner),https://www.google.com/maps/contrib/109123673951630301567,https://lh5.googleusercontent.com/p/AF1QipP2yl3q-3sXfjPu6OuAlapHG3STbX8SeuN6kf5b=w408-h304-k-no,Dentist,"Dentist, Cosmetic dentist, Emergency dental service, Endodontist, Oral surgeon, Orthodontist, Pediatric dentist, Periodontist",3.2,8 AM-8 PM,,(770) 978-3292,"Smith Dental Care of Lilburn, 3100 Five Forks Trickum Rd SW STE 201, Lilburn, GA 30047","cleaning, office, insurance, pay, call, price, x-rays, mouth, waste, room",https://www.google.com/maps/place/Smith+Dental+Care+of+Lilburn/data=!4m7!3m6!1s0x88f5bb06d7e377e1:0xa9fbce48e1af0e68!8m2!3d33.8830671!4d-84.0620189!16s%2Fg%2F11c5bs47ht!19sChIJ4Xfj1wa79YgRaA6v4UjO-6k?authuser=0&hl=en&rclk=1
ChIJVWW5ZEQE9YgRy7Rkfo5_tpE,Colony Square Dental Associates,,False,126,https://www.dentistmidtownatlanta.com/,Colony Square Dental Associates (Owner),https://www.google.com/maps/contrib/116534156977138172446,https://lh5.googleusercontent.com/p/AF1QipMjyZ8d1HpBeM-nzTmy0qfujeSU50PtKeRxeddW=w408-h264-k-no,Dentist,"Dentist, Cosmetic dentist, Dental implants provider, Emergency dental service, Teeth whitening service",5,7:30 AM-5 PM,"Thursday, Saturday, Sunday",(404) 874-6464,"Colony Square Dental Associates, 1175 Peachtree St NE Suite 1210, Atlanta, GA 30361","cleaning, feel, front desk, job, skilled, pleasure, comfortable, questions, environment, anxiety",https://www.google.com/maps/place/Colony+Square+Dental+Associates/data=!4m7!3m6!1s0x88f5044464b96555:0x91b67f8e7e64b4cb!8m2!3d33.7869491!4d-84.3827431!16s%2Fg%2F1tdw49nc!19sChIJVWW5ZEQE9YgRy7Rkfo5_tpE?authuser=0&hl=en&rclk=1
ChIJOaKcR_MD9YgRBxLumg-RKyA,Mercy Care,,False,118,http://mercyatlanta.org/,Mercy Care (Owner),https://www.google.com/maps/contrib/107763728769597683787,https://lh5.googleusercontent.com/p/AF1QipOnUlSNzgaAXCi9w6J4fE_eud4Lo33lvdl8yLwB=w408-h271-k-no,Medical clinic,"Medical clinic, Dentist",3.7,7 AM-5 PM,"Thursday, Friday, Saturday, Sunday",(678) 843-8600,"Mercy Care, 424 Decatur St. SE, Atlanta, GA 30312","dental, phone, professional, door, insurance, manager, god, stars, office",https://www.google.com/maps/place/Mercy+Care/data=!4m7!3m6!1s0x88f503f3479ca239:0x202b910f9aee1207!8m2!3d33.7509488!4d-84.3744307!16s%2Fg%2F1tdrg60w!19sChIJOaKcR_MD9YgRBxLumg-RKyA?authuser=0&hl=en&rclk=1
ChIJGVIM7qVx9YgRz-CXt1TbGjk,Park Creek Dental Care,,False,107,http://www.parkcreekdentalcare.com/,Park Creek Dental Care (Owner),https://www.google.com/maps/contrib/112248366717225661811,https://lh5.googleusercontent.com/p/AF1QipMKzga6hfEFiNk82JNes2Li91oz9caXwfIRoP3-=w408-h272-k-no,Dentist,"Dentist, Cosmetic dentist, Dental clinic, Emergency dental service",5,8 AM-5 PM,"Thursday, Friday, Sunday",(470) 601-7888,"Park Creek Dental Care, 8080 Hickory Flat Hwy, Woodstock, GA 30188","anxiety, cleaning, office, stars, know, skilled, root canal, practice, fillings, text",https://www.google.com/maps/place/Park+Creek+Dental+Care/data=!4m7!3m6!1s0x88f571a5ee0c5219:0x391adb54b797e0cf!8m2!3d34.1529852!4d-84.4046678!16s%2Fg%2F11s0hy2tkq!19sChIJGVIM7qVx9YgRz-CXt1TbGjk?authuser=0&hl=en&rclk=1
ChIJ-RClyDIF9YgRZoL51tNLQ9A,Perl Smile Co.,,False,95,https://www.perlsmile.co/%3Futm_source%3Dgmb%26utm_medium%3Dorganic,Perl Smile Co. (Owner),https://www.google.com/maps/contrib/114292362531454465131,https://lh5.googleusercontent.com/p/AF1QipO89S7U2INZ2aS8APKKs-nSLJlusDchh6I9EbCJ=w408-h272-k-no,Dentist,"Dentist, Cosmetic dentist, Dental implants provider, Teeth whitening service",5,8:30 AM-4:30 PM,"Thursday, Friday, Saturday, Sunday",(404) 806-1680,"Perl Smile Co., 562 Dutch Valley Rd NE, Atlanta, GA 30324","clean, front desk, atmosphere, educational, insurance, environment, tv, plan, concerns",https://www.google.com/maps/place/Perl+Smile+Co./data=!4m7!3m6!1s0x88f50532c8a510f9:0xd0434bd3d6f98266!8m2!3d33.7923765!4d-84.3690359!16s%2Fg%2F11khwktx_0!19sChIJ-RClyDIF9YgRZoL51tNLQ9A?authuser=0&hl=en&rclk=1
ChIJpUr4rTYE9YgRdPRbQdTc2gI,Ansley Midtown Dental,,False,91,http://www.ansleymidtowndental.com/,Ansley Midtown Dental (Owner),https://www.google.com/maps/contrib/100879413469058340579,https://streetviewpixels-pa.googleapis.com/v1/thumbnail?panoid=TB3EMwygOyvmzEzIZ_EeFQ&cb_client=search.gws-prod.gps&w=408&h=240&yaw=346.9722&pitch=0&thumbfov=100,Dental clinic,"Dental clinic, Cosmetic dentist, Dentist",4.5,7:30 AM-5 PM,"Saturday, Sunday",(404) 873-2957,"Ansley Midtown Dental, 222 12th St NE #1a, Atlanta, GA 30309","office, cleaning, cost, hygienist, crown, insurance, PPE, reason, garage, fee",https://www.google.com/maps/place/Ansley+Midtown+Dental/data=!4m7!3m6!1s0x88f50436adf84aa5:0x2dadcd4415bf474!8m2!3d33.7844208!4d-84.3801158!16s%2Fg%2F1thr7_tg!19sChIJpUr4rTYE9YgRdPRbQdTc2gI?authuser=0&hl=en&rclk=1
ChIJAw1IYpOm9YgRNudWxKfe7jA,Easy Dental Care,,False,85,http://www.easydentalcc.com/,Easy Dental Care (Owner),https://www.google.com/maps/contrib/102471064084068122311,https://lh5.googleusercontent.com/p/AF1QipMcF7V7qD1E0ZtKxWtrp8IxZROti7Uzd2WwnRyZ=w408-h544-k-no,Dental clinic,Dental clinic,4.8,9 AM-3 PM,Sunday,(770) 462-2588,"Easy Dental Care, 5220 Jimmy Carter Blvd, Norcross, GA 30093","prices, cleaning, service, attention, labor",https://www.google.com/maps/place/Easy+Dental+Care/data=!4m7!3m6!1s0x88f5a69362480d03:0x30eedea7c456e736!8m2!3d33.9001767!4d-84.2050346!16s%2Fg%2F11dx92f4j4!19sChIJAw1IYpOm9YgRNudWxKfe7jA?authuser=0&hl=en&rclk=1
ChIJ3_m4WXIa9YgR-xDhzVDahW4,Hudson Dental Care,,False,83,https://www.hudsondentistryvinings.com/,Hudson Dental Care (Owner),https://www.google.com/maps/contrib/107136662980813625536,https://lh5.googleusercontent.com/p/AF1QipOJ6hpzSvC6S0HQ61nCtUwWY93nN5wqD575eVF0=w426-h240-k-no,Dentist,"Dentist, Cosmetic dentist, Dental clinic, Dental hygienist, Dental implants periodontist, Emergency dental service, Teeth whitening service",4.5,8:30 AM-4 PM,"Saturday, Sunday",(770) 438-1520,"Hudson Dental Care, 4579 S Cobb Dr SE #500, Smyrna, GA 30080","feel, cleaning, comfortable, anxiety, office, informative",https://www.google.com/maps/place/Hudson+Dental+Care/data=!4m7!3m6!1s0x88f51a7259b8f9df:0x6e85da50cde110fb!8m2!3d33.8434476!4d-84.4986157!16s%2Fg%2F1tfvj12c!19sChIJ3_m4WXIa9YgR-xDhzVDahW4?authuser=0&hl=en&rclk=1
ChIJU-T5C1AN9YgRCqbCnWpNHf4,East Cobb Dental Care,,False,82,http://www.eastcobbdentalcare.com/,East Cobb Dental Care (Owner),https://www.google.com/maps/contrib/116079877490404039906,https://streetviewpixels-pa.googleapis.com/v1/thumbnail?panoid=oSSUhAPgbpD1Z4HD0tYWzA&cb_client=search.gws-prod.gps&w=408&h=240&yaw=62.67173&pitch=0&thumbfov=100,Dentist,"Dentist, Cosmetic dentist, Emergency dental service",5,8 AM-5:30 PM,"Saturday, Sunday",(770) 998-5290,"East Cobb Dental Care, 2860 Johnson Ferry Rd #100, Marietta, GA 30062","office, questions, filling, cleaning",https://www.google.com/maps/place/East+Cobb+Dental+Care/data=!4m7!3m6!1s0x88f50d500bf9e453:0xfe1d4d6a9dc2a60a!8m2!3d34.01649!4d-84.428794!16s%2Fg%2F1tc_0bz8!19sChIJU-T5C1AN9YgRCqbCnWpNHf4?authuser=0&hl=en&rclk=1
ChIJVZ0gJFUF9YgRGHOZiQB-4IE,Ponce Dental Group,,False,80,https://www.poncedentalgroup.com/?sc_cid=GBP%3AO%3AGP%3A933%3AOrganic_Search%3AGeneral%3Ana&_vsrefdom=organic_gbp&y_source=1_MTI2MDE5MTgtNzE1LWxvY2F0aW9uLndlYnNpdGU%3D,Ponce Dental Group (Owner),https://www.google.com/maps/contrib/114790331696498479321,https://lh5.googleusercontent.com/p/AF1QipPdOElEXke0fGV2UMmXX-g-Je3P38PyK4sCQEuQ=w408-h272-k-no,Dentist,"Dentist, Cosmetic dentist, Dental hygienist, Oral surgeon, Teeth whitening service",3.9,9 AM-5 PM,"Thursday, Friday, Saturday, Sunday",(678) 221-4954,"Ponce Dental Group, 699 Ponce De Leon Ave NE Ste 1, Atlanta, GA 30308","office, cleaning, feel, x-rays, comfortable, review, insurance, email, understand, napoleon",https://www.google.com/maps/place/Ponce+Dental+Group/data=!4m7!3m6!1s0x88f5055524209d55:0x81e07e0089997318!8m2!3d33.77282!4d-84.36388!16s%2Fg%2F11hzrwf6k8!19sChIJVZ0gJFUF9YgRGHOZiQB-4IE?authuser=0&hl=en&rclk=1
ChIJrzM05mAP9YgRXQyBjEqcG_c,Atlanta Dental Wellness,,False,71,http://www.atldentalwellness.com/,Atlanta Dental Wellness (Owner),https://www.google.com/maps/contrib/105369979942751668452,https://lh5.googleusercontent.com/p/AF1QipOWZpNvzG2ARkXZhG9MhMVxqU6dpx7vKcdcMPwY=w408-h408-k-no,Dental clinic,"Dental clinic, Dentist",4.7,7 AM-2:30 PM,"Friday, Saturday, Sunday",(404) 233-1102,"Atlanta Dental Wellness, 3525 Piedmont Rd NE #5-408, Atlanta, GA 30305","mercury, holistic, office, questions, cleaning, insurance, information, knowledge, work, environment",https://www.google.com/maps/place/Atlanta+Dental+Wellness/data=!4m7!3m6!1s0x88f50f60e63433af:0xf71b9c4a8c810c5d!8m2!3d33.851139!4d-84.3772!16s%2Fg%2F1wl4rfs4!19sChIJrzM05mAP9YgRXQyBjEqcG_c?authuser=0&hl=en&rclk=1
ChIJG0tmT-wE9YgR-TMj71CSh8Q,The Ben Massell Dental Clinic,,False,60,https://www.benmasselldentalclinic.org/,The Ben Massell Dental Clinic (Owner),https://www.google.com/maps/contrib/117408376060189692911,https://streetviewpixels-pa.googleapis.com/v1/thumbnail?panoid=LM2ow0tjtzC64mAZJOY0FQ&cb_client=search.gws-prod.gps&w=408&h=240&yaw=151.28355&pitch=0&thumbfov=100,Dental clinic,"Dental clinic, Non-profit organization, Volunteer organization",3.7,8:30 AM-4:30 PM,"Saturday, Sunday",(404) 881-1858,"The Ben Massell Dental Clinic, 700 14th St NW, Atlanta, GA 30318","cost, call, insurance, volunteer, office",https://www.google.com/maps/place/The+Ben+Massell+Dental+Clinic/data=!4m7!3m6!1s0x88f504ec4f664b1b:0xc4879250ef2333f9!8m2!3d33.7855624!4d-84.4099466!16s%2Fg%2F1tdml9rj!19sChIJG0tmT-wE9YgR-TMj71CSh8Q?authuser=0&hl=en&rclk=1
ChIJQSxfIe2g9YgRbyZIoAsELpA,City Dental Clinic,,False,59,https://www.citydentaljohnscreek.com/,City Dental Clinic (Owner),https://www.google.com/maps/contrib/115226847497218366696,https://streetviewpixels-pa.googleapis.com/v1/thumbnail?panoid=YYUr44jU2CFJBtcxrcb_gg&cb_client=search.gws-prod.gps&w=408&h=240&yaw=222.44891&pitch=0&thumbfov=100,Dentist,"Dentist, Dental clinic, Emergency dental service, Endodontist, Oral surgeon, Orthodontist, Teeth whitening service",4.2,8 AM-4 PM,"Saturday, Sunday",(770) 263-8408,"City Dental Clinic, 3280 Old Alabama Rd #200, Johns Creek, GA 30022","insurance, office manager, schedule",https://www.google.com/maps/place/City+Dental+Clinic/data=!4m7!3m6!1s0x88f5a0ed215f2c41:0x902e040ba048266f!8m2!3d34.0209417!4d-84.2654516!16s%2Fg%2F11g1mct6g5!19sChIJQSxfIe2g9YgRbyZIoAsELpA?authuser=0&hl=en&rclk=1
ChIJTbZhEX4F9YgR7PRMt-HjKMs,Dr. Terrance L. Jeter and Associates Cosmetic and Family Dentistry,,False,58,https://www.drtjeter.com/,Dr. Terrance L. Jeter and Associates Cosmetic and Family Dentistry (Owner),https://www.google.com/maps/contrib/103569514463783300473,https://lh5.googleusercontent.com/p/AF1QipOXSLQYypduiuJAu2zpl_D2pDuWWr4ekxt-wJlf=w408-h252-k-no,Dentist,"Dentist, Cosmetic dentist, Dental hygienist, Dental implants periodontist, Denture care center, Pediatric dentist, Teeth whitening service",4.4,9 AM-5 PM,"Thursday, Saturday, Sunday",(470) 428-4240,"Dr. Terrance L. Jeter and Associates Cosmetic and Family Dentistry, 275 14th St NW, Atlanta, GA 30318","money, deep cleaning, insurance, root canal, cost, feel, check up, opinion, x-rays, office",https://www.google.com/maps/place/Dr.+Terrance+L.+Jeter+and+Associates+Cosmetic+and+Family+Dentistry/data=!4m7!3m6!1s0x88f5057e1161b64d:0xcb28e3e1b74cf4ec!8m2!3d33.78663!4d-84.3960647!16s%2Fg%2F11fsfnfwk2!19sChIJTbZhEX4F9YgR7PRMt-HjKMs?authuser=0&hl=en&rclk=1
ChIJwVsUwC4c9YgR40aZrehDh7Y,J & J Family Dentistry,,False,53,http://www.jandjfamilydentistry.com/,J & J Family Dentistry (Owner),,https://streetviewpixels-pa.googleapis.com/v1/thumbnail?panoid=UmWliXpZ_91eiuXOirlSQw&cb_client=search.gws-prod.gps&w=408&h=240&yaw=74.84715&pitch=0&thumbfov=100,Dentist,Dentist,4.5,8:30 AM-5 PM,"Saturday, Sunday",(404) 472-0425,"J & J Family Dentistry, 3915 Cascade Rd # 120, Atlanta, GA 30331","office, cleaning, concerns",https://www.google.com/maps/place/J+%26+J+Family+Dentistry/data=!4m7!3m6!1s0x88f51c2ec0145bc1:0xb68743e8ad9946e3!8m2!3d33.7266644!4d-84.5161621!16s%2Fg%2F1tfbc_jk!19sChIJwVsUwC4c9YgR40aZrehDh7Y?authuser=0&hl=en&rclk=1
ChIJK26uRd8R9YgRF-r813CNpQ8,Family First Dentistry,,False,52,http://www.family1stdentistry.com/,Family First Dentistry (Owner),https://www.google.com/maps/contrib/111803404155395213893,https://lh5.googleusercontent.com/p/AF1QipOv5CA3laCr3UmIYdO29O7Pvtkff6a5vc5OUnxJ=w408-h306-k-no,Cosmetic dentist,"Cosmetic dentist, Dentist",4.7,9 AM-5 PM,"Thursday, Saturday, Sunday",(800) 289-3086,"Family First Dentistry, 3220 Cobb Pkwy SE UNIT 205, Atlanta, GA 30339","cleaning, insurance, office",https://www.google.com/maps/place/Family+First+Dentistry/data=!4m7!3m6!1s0x88f511df45ae6e2b:0xfa58d70d7fcea17!8m2!3d33.8733232!4d-84.4570141!16s%2Fg%2F11f8hwv8l0!19sChIJK26uRd8R9YgRF-r813CNpQ8?authuser=0&hl=en&rclk=1
ChIJe1MffPwB9YgRYpcQUki7BLY,East Lake Family Dental,,False,51,https://eastlakefamilydentalga.com/,East Lake Family Dental (Owner),https://www.google.com/maps/contrib/107694294556590177186,https://lh5.googleusercontent.com/p/AF1QipOYCH6Ui1PlaXQIxX09X7qf_vlzJT7YJp66nyFn=w408-h272-k-no,Dentist,Dentist,4.9,,,(678) 800-8316,"East Lake Family Dental, 2325 Glenwood Ave SE, Atlanta, GA 30316",cleaning,https://www.google.com/maps/place/East+Lake+Family+Dental/data=!4m7!3m6!1s0x88f501fc7c1f537b:0xb604bb4852109762!8m2!3d33.7398135!4d-84.3108192!16s%2Fg%2F11kvtws28s!19sChIJe1MffPwB9YgRYpcQUki7BLY?authuser=0&hl=en&rclk=1
ChIJkfVii5kc9YgRElssSB6Hlv8,"Dr. Montina G. Jackson, DMD",,False,39,http://www.jacksonsdentalcenter.com/meet-dr-jackson.html,"Dr. Montina G. Jackson, DMD (Owner)",,https://streetviewpixels-pa.googleapis.com/v1/thumbnail?panoid=rc3LzN8GzFeCNR892ckZ5Q&cb_client=search.gws-prod.gps&w=408&h=240&yaw=345.63794&pitch=0&thumbfov=100,Dentist,"Dentist, Dental clinic",4.3,9 AM-4:30 PM,"Saturday, Sunday",(404) 699-1919,"Dr. Montina G. Jackson, DMD, 2611 M.L.K. Jr Dr SW, Atlanta, GA 30311",anxiety,"https://www.google.com/maps/place/Dr.+Montina+G.+Jackson,+DMD/data=!4m7!3m6!1s0x88f51c998b62f591:0xff96871e482c5b12!8m2!3d33.7538559!4d-84.4732561!16s%2Fg%2F1tv3pjgw!19sChIJkfVii5kc9YgRElssSB6Hlv8?authuser=0&hl=en&rclk=1"
ChIJW8CjtZUO9YgR0hbNULZ_ZEQ,Sandy Springs Dental,,False,37,http://www.sandyspringsdental.com/,Sandy Springs Dental (Owner),https://www.google.com/maps/contrib/101282366998346035581,https://lh5.googleusercontent.com/p/AF1QipPZwfWUO8RZalSm2YC5DYftFw4Pg5eJEeIkRukN=w408-h306-k-no,Dental clinic,Dental clinic,4.4,7:30 AM-4:30 PM,"Friday, Saturday, Sunday",(404) 252-7373,"Sandy Springs Dental, 6100 Lake Forrest Dr NE #110, Atlanta, GA 30328","office, feel, hygienist, cleaning, call, crowns, questions",https://www.google.com/maps/place/Sandy+Springs+Dental/data=!4m7!3m6!1s0x88f50e95b5a3c05b:0x44647fb650cd16d2!8m2!3d33.9206119!4d-84.3881375!16s%2Fg%2F1tgdd7rd!19sChIJW8CjtZUO9YgR0hbNULZ_ZEQ?authuser=0&hl=en&rclk=1
ChIJaUslL2QH9YgReSje0URvGrM,VA Dental Clinic,,False,37,https://www.va.gov/,VA Dental Clinic (Owner),,https://lh5.googleusercontent.com/p/AF1QipOq8I1WipttNd89a-XyQv9VUse8Mr2_XkoD6P0m=w408-h873-k-no,Dental clinic,"Dental clinic, Dentist",1.8,8 AM-4 PM,"Saturday, Sunday",(404) 321-6111,"VA Dental Clinic, 250 N Arcadia Ave, Decatur, GA 30030","phone, veterans, ladies, healthcare",https://www.google.com/maps/place/VA+Dental+Clinic/data=!4m7!3m6!1s0x88f507642f254b69:0xb31a6f44d1de2879!8m2!3d33.7822242!4d-84.2786575!16s%2Fg%2F11btxkpjyj!19sChIJaUslL2QH9YgReSje0URvGrM?authuser=0&hl=en&rclk=1
ChIJHwVvR9gJ9YgR4G4rTROv-IQ,Georgetown Comprehensive Dental Care,,False,27,http://gtcdentalcare.com/,Georgetown Comprehensive Dental Care (Owner),https://www.google.com/maps/contrib/100846815612543524495,https://lh5.googleusercontent.com/p/AF1QipOG6CLx0EDOooIv7j1KWEq_IBASIbaIs5FFbzeo=w408-h544-k-no,Dentist,Dentist,5,9 AM-5 PM,"Monday, Thursday, Friday, Saturday, Sunday",(770) 394-6778,"Georgetown Comprehensive Dental Care, 4511 Chamblee Dunwoody Rd a2, Atlanta, GA 30338","cleanings, kids",https://www.google.com/maps/place/Georgetown+Comprehensive+Dental+Care/data=!4m7!3m6!1s0x88f509d8476f051f:0x84f8af134d2b6ee0!8m2!3d33.9223823!4d-84.3137283!16s%2Fg%2F11ghft3y60!19sChIJHwVvR9gJ9YgR4G4rTROv-IQ?authuser=0&hl=en&rclk=1
ChIJ91m9MuAF9YgRgWpSPrTf5lU,Best Care Dental Inc.,,False,19,http://bestcaredentalga.com/%3Futm_source%3DGMB%26utm_medium%3Dorganic%26utm_campaign%3DDevOptimization%26utm_content%3DWebsite,Best Care Dental Inc. (Owner),https://www.google.com/maps/contrib/109965355455227099601,https://lh5.googleusercontent.com/p/AF1QipNy06WRhS5AWCISEUYsZNbuM5u1buX7b8nPkiRQ=w408-h272-k-no,Dentist,Dentist,3.9,9 AM-5 PM,"Monday, Wednesday, Saturday, Sunday",(404) 419-1096,"Best Care Dental Inc., 38 Lenox Pointe NE # A, Atlanta, GA 30324",cleaning,https://www.google.com/maps/place/Best+Care+Dental+Inc./data=!4m7!3m6!1s0x88f505e032bd59f7:0x55e6dfb43e526a81!8m2!3d33.8263867!4d-84.3548143!16s%2Fg%2F1tdqcdsq!19sChIJ91m9MuAF9YgRgWpSPrTf5lU?authuser=0&hl=en&rclk=1
ChIJKf2RCQgK9YgR7Sy3UB0bKzg,Georgia Dental Care,,False,18,https://www.georgiadentalcare.net/,Georgia Dental Care (Owner),https://www.google.com/maps/contrib/108925774427433447123,https://lh5.googleusercontent.com/p/AF1QipNchXra3u57NA0AcEdNTZsIa_FIorYg7eJQ79Yc=w408-h306-k-no,Dentist,Dentist,4.8,8 AM-5 PM,"Saturday, Sunday",(770) 817-1007,"Georgia Dental Care, 5025 Winters Chapel Rd F, Atlanta, GA 30360",,https://www.google.com/maps/place/Georgia+Dental+Care/data=!4m7!3m6!1s0x88f50a080991fd29:0x382b1b1d50b72ced!8m2!3d33.9421556!4d-84.2696305!16s%2Fg%2F1tl8lk4y!19sChIJKf2RCQgK9YgR7Sy3UB0bKzg?authuser=0&hl=en&rclk=1
ChIJ_zGq_2YE9YgRRYfzLM1sllc,MidCity Dentistry,,False,18,http://www.midcitydentistry.net/?utm_source=extnet&utm_medium=yext,MidCity Dentistry (Owner),https://www.google.com/maps/contrib/107416332457207914159,https://lh5.googleusercontent.com/p/AF1QipOYy3-oYQgfOLpBiri-kJSte5-KKguUNndwn3Op=w408-h500-k-no,Dentist,Dentist,4.8,9 AM-5 PM,"Friday, Saturday, Sunday",(404) 685-3100,"MidCity Dentistry, 845 Spring St NW # B1, Atlanta, GA 30308",,https://www.google.com/maps/place/MidCity+Dentistry/data=!4m7!3m6!1s0x88f50466ffaa31ff:0x57966ccd2cf38745!8m2!3d33.7777839!4d-84.3883427!16s%2Fg%2F1tf_p456!19sChIJ_zGq_2YE9YgRRYfzLM1sllc?authuser=0&hl=en&rclk=1
ChIJ1wnmZJId9YgR_Lyu_LeMWzY,20/32 family dentistry,,False,17,http://2032familydentistry.com/,20/32 family dentistry (Owner),https://www.google.com/maps/contrib/108873153208575581884,https://streetviewpixels-pa.googleapis.com/v1/thumbnail?panoid=TV8G20lF7XFImKzERQeY8Q&cb_client=search.gws-prod.gps&w=408&h=240&yaw=108.96615&pitch=0&thumbfov=100,Dentist,Dentist,4.9,,,(678) 732-0411,"20/32 family dentistry, 80 Peyton Rd SW, Atlanta, GA 30311",,https://www.google.com/maps/place/20%2F32+family+dentistry/data=!4m7!3m6!1s0x88f51d9264e609d7:0x365b8cb7fcaebcfc!8m2!3d33.7495434!4d-84.4683413!16s%2Fg%2F11gwgnh97v!19sChIJ1wnmZJId9YgR_Lyu_LeMWzY?authuser=0&hl=en&rclk=1
ChIJy-i5lK0H9YgRyclRWE85bVM,Clairmont Dental Care,,False,16,http://www.clairmontdental.com/,Clairmont Dental Care (Owner),https://www.google.com/maps/contrib/117180721889842330711,https://streetviewpixels-pa.googleapis.com/v1/thumbnail?panoid=5IutZUYH8NXuxU0ae3Y4yQ&cb_client=search.gws-prod.gps&w=408&h=240&yaw=206.9981&pitch=0&thumbfov=100,Dentist,"Dentist, Cosmetic dentist",4.4,8 AM-5 PM,"Saturday, Sunday",(404) 325-7664,"Clairmont Dental Care, 1275 McConnell Dr, Decatur, GA 30033",insurance,https://www.google.com/maps/place/Clairmont+Dental+Care/data=!4m7!3m6!1s0x88f507ad94b9e8cb:0x536d394f5851c9c9!8m2!3d33.8091503!4d-84.3083683!16s%2Fg%2F1tr7dmts!19sChIJy-i5lK0H9YgRyclRWE85bVM?authuser=0&hl=en&rclk=1
